,customer_id,fiber_optic,electronic_check,tenure,two_year,monthly,0,1,predicted
0,2592-HODOV,0,0,13,0,0,0.9284332688588007,0.07156673114119923,0
1,7426-GSWPO,1,0,64,0,1,0.9245283018867925,0.07547169811320754,0
2,9378-FXTIZ,0,0,54,0,0,0.9284332688588007,0.07156673114119923,0
3,1017-FBQMM,1,0,62,0,0,0.8365384615384616,0.16346153846153846,0
4,1193-RTSLK,1,0,38,0,1,0.6666666666666666,0.3333333333333333,0
5,9589-ABEPT,1,0,69,1,0,0.9739696312364425,0.026030368763557483,0
6,1254-IZEYF,1,1,31,0,1,0.501779359430605,0.498220640569395,0
7,8605-ITULD,0,0,1,0,1,0.6286919831223629,0.37130801687763715,0
8,0396-YCHWO,1,1,36,0,1,0.501779359430605,0.498220640569395,0
9,5480-TBGPH,1,0,24,0,1,0.6666666666666666,0.3333333333333333,0
10,0625-AFOHS,0,0,29,1,0,0.9739696312364425,0.026030368763557483,0
11,3148-BLQJT,0,0,1,0,1,0.6286919831223629,0.37130801687763715,0
12,8161-QYMTT,1,1,7,0,1,0.3558648111332008,0.6441351888667992,1
13,9081-WWXKP,0,0,47,1,0,0.9739696312364425,0.026030368763557483,0
14,0495-RVCBF,1,1,1,0,1,0.112,0.888,1
15,6837-BJYDQ,0,0,3,0,0,0.9284332688588007,0.07156673114119923,0
16,1370-GGAWX,1,1,46,0,0,0.7037037037037037,0.2962962962962963,0
17,9357-UJRUN,0,1,24,0,0,0.9284332688588007,0.07156673114119923,0
18,7729-JTEEC,0,1,2,0,1,0.42718446601941745,0.5728155339805825,1
19,0362-ZBZWJ,1,1,36,0,1,0.501779359430605,0.498220640569395,0
20,5353-WILCI,0,1,28,0,1,0.8840579710144928,0.11594202898550725,0
21,8590-YFFQO,0,0,70,1,0,0.9739696312364425,0.026030368763557483,0
22,8774-GSBUN,0,0,72,1,0,0.9739696312364425,0.026030368763557483,0
23,7319-VENRZ,0,0,7,0,1,0.8703703703703703,0.12962962962962962,0
24,4701-AHWMW,0,0,55,0,1,0.8703703703703703,0.12962962962962962,0
25,3256-EZDBI,0,0,51,0,1,0.8703703703703703,0.12962962962962962,0
26,1544-JJMYL,0,0,27,0,0,0.9284332688588007,0.07156673114119923,0
27,3174-RKMOW,1,1,35,0,1,0.501779359430605,0.498220640569395,0
28,3537-HPKQT,1,0,55,0,1,0.9245283018867925,0.07547169811320754,0
29,4503-BDXBD,1,1,11,0,1,0.3558648111332008,0.6441351888667992,1
30,4588-YBNIB,0,0,1,0,1,0.6286919831223629,0.37130801687763715,0
31,0696-UKTOX,0,1,23,0,1,0.8840579710144928,0.11594202898550725,0
32,8634-MPHTR,1,1,47,0,1,0.501779359430605,0.498220640569395,0
33,0308-IVGOK,0,0,11,0,0,0.9284332688588007,0.07156673114119923,0
34,2897-DOVND,1,1,2,0,1,0.3558648111332008,0.6441351888667992,1
35,9985-MWVIX,1,0,1,0,1,0.112,0.888,1
36,6390-DSAZX,1,0,1,0,1,0.112,0.888,1
37,3914-FDRHP,1,1,9,0,1,0.3558648111332008,0.6441351888667992,1
38,6625-FLENO,0,0,58,1,0,0.9739696312364425,0.026030368763557483,0
39,9711-FJTBX,1,0,56,0,0,0.8365384615384616,0.16346153846153846,0
40,4163-KIUHY,0,1,35,0,1,0.8840579710144928,0.11594202898550725,0
41,0709-TVGUR,1,1,9,0,1,0.3558648111332008,0.6441351888667992,1
42,1309-XGFSN,0,1,52,0,0,0.9284332688588007,0.07156673114119923,0
43,3612-YUNGG,1,0,64,1,0,0.9739696312364425,0.026030368763557483,0
44,0036-IHMOT,1,0,55,0,0,0.8365384615384616,0.16346153846153846,0
45,2954-PIBKO,0,0,69,1,0,0.9739696312364425,0.026030368763557483,0
46,2193-SFWQW,1,0,72,1,0,0.9739696312364425,0.026030368763557483,0
47,9891-NQDBD,0,0,28,0,0,0.9284332688588007,0.07156673114119923,0
48,9987-LUTYD,0,0,13,0,0,0.9284332688588007,0.07156673114119923,0
49,7377-DMMRI,0,1,2,0,1,0.42718446601941745,0.5728155339805825,1
50,5481-NTDOH,1,0,67,0,0,0.8365384615384616,0.16346153846153846,0
51,5482-VXSXJ,1,0,22,0,1,0.6666666666666666,0.3333333333333333,0
52,9107-UKCKY,0,1,61,0,0,0.9284332688588007,0.07156673114119923,0
53,0536-ESJEP,0,0,54,1,0,0.9739696312364425,0.026030368763557483,0
54,5515-RUGKN,0,0,8,0,1,0.8703703703703703,0.12962962962962962,0
55,1536-HBSWP,0,1,1,0,1,0.42718446601941745,0.5728155339805825,1
56,9800-OUIGR,0,0,66,1,0,0.9739696312364425,0.026030368763557483,0
57,3873-NFTGI,0,0,14,0,1,0.8703703703703703,0.12962962962962962,0
58,4137-BTIKL,1,0,2,0,1,0.3558648111332008,0.6441351888667992,1
59,9079-YEXQJ,1,1,54,0,1,0.501779359430605,0.498220640569395,0
60,4695-WJZUE,1,1,2,0,1,0.3558648111332008,0.6441351888667992,1
61,9068-FHQHD,0,0,40,1,0,0.9739696312364425,0.026030368763557483,0
62,9667-EQRXU,0,1,30,0,1,0.8840579710144928,0.11594202898550725,0
63,0883-EIBTI,0,0,2,0,1,0.6286919831223629,0.37130801687763715,0
64,7995-ZHHNZ,0,0,42,0,0,0.9284332688588007,0.07156673114119923,0
65,9239-ZBZZV,0,1,6,0,1,0.640625,0.359375,0
66,8677-HDZEE,1,0,56,0,1,0.9245283018867925,0.07547169811320754,0
67,5260-UMPWX,0,0,26,0,1,0.8703703703703703,0.12962962962962962,0
68,4016-BJKTZ,1,1,25,1,0,0.9739696312364425,0.026030368763557483,0
69,0318-ZOPWS,0,0,49,1,0,0.9739696312364425,0.026030368763557483,0
70,4446-BZKHU,1,1,61,0,1,0.72,0.28,0
71,4671-LXRDQ,0,0,2,0,1,0.6286919831223629,0.37130801687763715,0
72,1986-PHGZF,0,0,18,0,1,0.8703703703703703,0.12962962962962962,0
73,6671-NGWON,0,0,7,0,1,0.8703703703703703,0.12962962962962962,0
74,6749-UTDVX,1,1,72,1,0,0.9739696312364425,0.026030368763557483,0
75,7978-DKUQH,1,1,25,0,1,0.501779359430605,0.498220640569395,0
76,6347-DCUIK,1,0,10,0,1,0.3558648111332008,0.6441351888667992,1
77,0628-CNQRM,0,0,22,0,0,0.9284332688588007,0.07156673114119923,0
78,2514-GINMM,1,1,1,0,1,0.112,0.888,1
79,7781-HVGMK,0,0,72,1,0,0.9739696312364425,0.026030368763557483,0
80,2038-YSEZE,0,0,29,0,1,0.8703703703703703,0.12962962962962962,0
81,8982-NHAVY,1,0,27,0,0,0.8365384615384616,0.16346153846153846,0
82,7873-CVMAW,0,0,72,1,0,0.9739696312364425,0.026030368763557483,0
83,1488-SYSFC,0,1,31,0,1,0.8840579710144928,0.11594202898550725,0
84,0487-CRLZF,0,0,49,1,0,0.9739696312364425,0.026030368763557483,0
85,3716-BDVDB,1,1,1,0,1,0.112,0.888,1
86,9885-MFVSU,0,0,35,1,0,0.9739696312364425,0.026030368763557483,0
87,9330-IJWIO,1,1,13,0,1,0.3558648111332008,0.6441351888667992,1
88,1089-HDMKP,0,1,11,0,1,0.640625,0.359375,0
89,4656-CAURT,0,0,69,1,0,0.9739696312364425,0.026030368763557483,0
90,8200-KLNYW,0,0,21,0,0,0.9284332688588007,0.07156673114119923,0
91,8433-WXGNA,1,1,2,0,1,0.3558648111332008,0.6441351888667992,1
92,2684-EIWEO,1,0,30,0,1,0.6666666666666666,0.3333333333333333,0
93,0136-IFMYD,1,1,69,1,0,0.9739696312364425,0.026030368763557483,0
94,6145-NNPNO,0,0,1,0,1,0.6286919831223629,0.37130801687763715,0
95,6815-ABQFQ,1,1,56,0,0,0.7037037037037037,0.2962962962962963,0
96,5027-YOCXN,1,0,51,0,0,0.8365384615384616,0.16346153846153846,0
97,5081-NWSUP,0,0,10,0,0,0.9284332688588007,0.07156673114119923,0
98,3091-FYHKI,0,1,1,0,1,0.42718446601941745,0.5728155339805825,1
99,8421-WZOOW,1,0,57,0,1,0.9245283018867925,0.07547169811320754,0
100,6171-ZTVYB,0,0,43,0,1,0.8703703703703703,0.12962962962962962,0
101,5575-GNVDE,0,0,34,0,0,0.9284332688588007,0.07156673114119923,0
102,2696-RZVZW,0,0,68,1,0,0.9739696312364425,0.026030368763557483,0
103,5837-LXSDN,0,0,21,0,0,0.9284332688588007,0.07156673114119923,0
104,3249-VHRIP,0,0,62,1,0,0.9739696312364425,0.026030368763557483,0
105,3411-WLRSQ,1,0,3,0,1,0.3558648111332008,0.6441351888667992,1
106,2799-TSLAG,0,0,65,1,0,0.9739696312364425,0.026030368763557483,0
107,5697-GOMBF,0,1,28,0,1,0.8840579710144928,0.11594202898550725,0
108,7102-JJVTX,0,0,9,0,0,0.9284332688588007,0.07156673114119923,0
109,8218-FFJDS,0,0,72,1,0,0.9739696312364425,0.026030368763557483,0
110,0678-RLHVP,1,1,53,1,0,0.9739696312364425,0.026030368763557483,0
111,3580-HYCSP,1,0,72,1,0,0.9739696312364425,0.026030368763557483,0
112,3688-FTHLT,0,0,16,0,1,0.8703703703703703,0.12962962962962962,0
113,9820-RMCQV,0,0,11,0,1,0.8703703703703703,0.12962962962962962,0
114,1325-USMEC,1,0,70,1,0,0.9739696312364425,0.026030368763557483,0
115,7876-BEUTG,0,0,15,0,1,0.8703703703703703,0.12962962962962962,0
116,4415-WNGVR,0,1,12,0,0,0.9284332688588007,0.07156673114119923,0
117,7853-OETYL,0,1,4,0,1,0.640625,0.359375,0
118,0231-LXVAP,1,1,1,0,1,0.112,0.888,1
119,9121-PHQSR,1,0,16,0,1,0.3558648111332008,0.6441351888667992,1
120,6873-UDNLD,0,1,40,0,1,0.8840579710144928,0.11594202898550725,0
121,7244-QWYHG,0,0,50,0,0,0.9284332688588007,0.07156673114119923,0
122,9541-PWTWO,0,0,52,1,0,0.9739696312364425,0.026030368763557483,0
123,6896-SRVYQ,1,1,44,0,1,0.501779359430605,0.498220640569395,0
124,1498-NHTLT,0,1,59,1,0,0.9739696312364425,0.026030368763557483,0
125,2792-VPPET,0,1,3,0,1,0.42718446601941745,0.5728155339805825,1
126,6635-MYYYZ,0,0,30,0,0,0.9284332688588007,0.07156673114119923,0
127,0604-THJFP,0,0,59,1,0,0.9739696312364425,0.026030368763557483,0
128,2126-GSEGL,0,0,70,1,0,0.9739696312364425,0.026030368763557483,0
129,3571-RFHAR,1,1,65,0,1,0.72,0.28,0
130,5245-VDBUR,0,0,52,0,0,0.9284332688588007,0.07156673114119923,0
131,1535-VTJOQ,0,0,24,1,0,0.9739696312364425,0.026030368763557483,0
132,8548-AWOFC,0,1,66,0,1,0.8840579710144928,0.11594202898550725,0
133,3930-ZGWVE,0,0,1,0,1,0.6286919831223629,0.37130801687763715,0
134,9746-UGFAC,0,0,22,0,0,0.9284332688588007,0.07156673114119923,0
135,8382-SHQEH,1,1,8,0,1,0.3558648111332008,0.6441351888667992,1
136,2141-RRYGO,0,0,4,0,1,0.8703703703703703,0.12962962962962962,0
137,7571-YXDAD,1,0,2,0,1,0.3558648111332008,0.6441351888667992,1
138,4973-MGTON,0,0,71,1,0,0.9739696312364425,0.026030368763557483,0
139,5730-DBDSI,0,0,66,1,0,0.9739696312364425,0.026030368763557483,0
140,3021-VLNRJ,0,0,50,0,0,0.9284332688588007,0.07156673114119923,0
141,8627-EHGIP,0,0,44,0,0,0.9284332688588007,0.07156673114119923,0
142,2265-CYWIV,1,1,4,0,1,0.3558648111332008,0.6441351888667992,1
143,3978-YNKDD,0,0,19,1,0,0.9739696312364425,0.026030368763557483,0
144,0295-PPHDO,1,1,1,0,1,0.112,0.888,1
145,1877-HKBQX,0,0,11,0,0,0.9284332688588007,0.07156673114119923,0
146,4070-OKWVH,1,0,52,0,1,0.9245283018867925,0.07547169811320754,0
147,3005-NFMTA,1,1,55,0,1,0.72,0.28,0
148,8707-HOEDG,1,1,70,1,0,0.9739696312364425,0.026030368763557483,0
149,8566-YPRGL,0,0,1,0,1,0.6286919831223629,0.37130801687763715,0
150,2208-MPXIO,0,0,45,1,0,0.9739696312364425,0.026030368763557483,0
151,3520-FJGCV,1,0,72,1,0,0.9739696312364425,0.026030368763557483,0
152,3292-PBZEJ,1,1,11,0,1,0.3558648111332008,0.6441351888667992,1
153,9730-DRTMJ,0,0,32,0,0,0.9284332688588007,0.07156673114119923,0
154,2796-UUZZO,1,0,63,0,1,0.9245283018867925,0.07547169811320754,0
155,8268-YDIXR,1,1,56,0,0,0.7037037037037037,0.2962962962962963,0
156,6518-KZXCB,0,0,22,1,0,0.9739696312364425,0.026030368763557483,0
157,3900-AQPHZ,0,0,1,0,1,0.6286919831223629,0.37130801687763715,0
158,0064-YIJGF,1,0,27,0,1,0.6666666666666666,0.3333333333333333,0
159,2194-IIQOF,0,0,71,1,0,0.9739696312364425,0.026030368763557483,0
160,2877-VDUER,0,0,35,0,0,0.9284332688588007,0.07156673114119923,0
161,4795-UXVCJ,0,0,26,0,0,0.9284332688588007,0.07156673114119923,0
162,1597-LHYNC,1,1,26,0,1,0.501779359430605,0.498220640569395,0
163,8003-EWNDZ,0,1,10,0,1,0.640625,0.359375,0
164,3810-DVDQQ,1,0,72,1,0,0.9739696312364425,0.026030368763557483,0
165,9398-MMQTO,1,0,3,0,1,0.3558648111332008,0.6441351888667992,1
166,4462-CYWMH,1,0,62,0,1,0.9245283018867925,0.07547169811320754,0
167,0107-YHINA,1,1,1,0,1,0.112,0.888,1
168,7785-RDVIG,0,0,3,0,1,0.6286919831223629,0.37130801687763715,0
169,0572-ZJKLT,1,0,46,1,0,0.9739696312364425,0.026030368763557483,0
170,3640-JQGJG,0,0,13,0,1,0.8703703703703703,0.12962962962962962,0
171,5057-LCOUI,0,1,39,0,1,0.8840579710144928,0.11594202898550725,0
172,0749-IRGQE,0,1,13,0,1,0.640625,0.359375,0
173,0506-YLVKJ,0,0,46,1,0,0.9739696312364425,0.026030368763557483,0
174,2960-NKRSO,1,1,24,0,1,0.501779359430605,0.498220640569395,0
175,2990-HWIML,1,1,6,0,1,0.3558648111332008,0.6441351888667992,1
176,3417-TSCIC,0,0,29,0,0,0.9284332688588007,0.07156673114119923,0
177,4587-VVTOX,1,1,6,0,1,0.3558648111332008,0.6441351888667992,1
178,4236-UJPWO,0,1,2,0,1,0.42718446601941745,0.5728155339805825,1
179,5392-AKEMH,0,1,12,0,1,0.640625,0.359375,0
180,5553-AOINX,1,1,66,0,0,0.7037037037037037,0.2962962962962963,0
181,8734-FNWVH,0,0,31,0,1,0.8703703703703703,0.12962962962962962,0
182,6810-VCAEX,0,0,47,0,0,0.9284332688588007,0.07156673114119923,0
183,9851-KIELU,1,1,10,0,1,0.3558648111332008,0.6441351888667992,1
184,0847-HGRML,0,0,62,1,0,0.9739696312364425,0.026030368763557483,0
185,2172-EJXVF,1,1,71,0,0,0.7037037037037037,0.2962962962962963,0
186,2239-CGBUZ,0,0,51,0,0,0.9284332688588007,0.07156673114119923,0
187,3069-SSVSN,0,0,1,0,0,0.9284332688588007,0.07156673114119923,0
188,9600-UDOPK,1,0,30,0,1,0.6666666666666666,0.3333333333333333,0
189,3858-XHYJO,1,0,40,0,0,0.8365384615384616,0.16346153846153846,0
190,3096-IZETN,1,0,12,0,1,0.3558648111332008,0.6441351888667992,1
191,9053-EJUNL,1,1,41,0,1,0.501779359430605,0.498220640569395,0
192,5915-DGNVC,0,1,49,0,0,0.9284332688588007,0.07156673114119923,0
193,6519-CFDBX,0,1,2,0,1,0.42718446601941745,0.5728155339805825,1
194,0932-YIXYU,0,0,47,1,0,0.9739696312364425,0.026030368763557483,0
195,9057-MSWCO,0,0,27,0,1,0.8703703703703703,0.12962962962962962,0
196,2014-MKGMH,1,1,46,0,0,0.7037037037037037,0.2962962962962963,0
197,1575-KRZZE,0,1,4,0,1,0.640625,0.359375,0
198,1833-VGRUM,1,1,1,0,1,0.112,0.888,1
199,5945-AZYHT,1,1,71,0,0,0.7037037037037037,0.2962962962962963,0
200,4906-ZHGPK,0,1,54,0,0,0.9284332688588007,0.07156673114119923,0
201,8621-MNIHH,1,1,34,0,1,0.501779359430605,0.498220640569395,0
202,8668-KNZTI,0,1,52,0,0,0.9284332688588007,0.07156673114119923,0
203,6097-EQISJ,1,0,66,0,0,0.8365384615384616,0.16346153846153846,0
204,3870-SPZSI,1,0,70,1,0,0.9739696312364425,0.026030368763557483,0
205,4614-NUVZD,1,1,1,0,1,0.112,0.888,1
206,3174-AKMAS,0,0,46,1,0,0.9739696312364425,0.026030368763557483,0
207,5985-TBABQ,0,0,32,0,0,0.9284332688588007,0.07156673114119923,0
208,7614-QVWQL,0,0,49,0,0,0.9284332688588007,0.07156673114119923,0
209,9610-WCESF,0,1,67,1,0,0.9739696312364425,0.026030368763557483,0
210,8630-QSGXK,0,0,51,1,0,0.9739696312364425,0.026030368763557483,0
211,3870-MQAMG,1,1,54,0,0,0.7037037037037037,0.2962962962962963,0
212,4118-CEVPF,1,0,35,0,0,0.8365384615384616,0.16346153846153846,0
213,4311-QTTAI,0,0,16,0,0,0.9284332688588007,0.07156673114119923,0
214,4537-CIBHB,0,0,9,0,0,0.9284332688588007,0.07156673114119923,0
215,0781-LKXBR,1,1,9,0,1,0.3558648111332008,0.6441351888667992,1
216,4750-ZRXIU,1,1,4,0,1,0.3558648111332008,0.6441351888667992,1
217,6298-QDFNH,1,1,22,0,1,0.501779359430605,0.498220640569395,0
218,0484-JPBRU,0,0,41,0,1,0.8703703703703703,0.12962962962962962,0
219,9577-WJVCQ,0,0,68,0,1,0.8703703703703703,0.12962962962962962,0
220,2129-ALKBS,0,1,40,0,1,0.8840579710144928,0.11594202898550725,0
221,1816-FLZDK,0,0,1,0,1,0.6286919831223629,0.37130801687763715,0
222,4486-EFAEB,0,1,13,0,1,0.640625,0.359375,0
223,8845-LWKGE,0,1,30,0,0,0.9284332688588007,0.07156673114119923,0
224,2223-KAGMX,0,0,15,0,1,0.8703703703703703,0.12962962962962962,0
225,3941-XTSKM,0,0,42,0,0,0.9284332688588007,0.07156673114119923,0
226,4998-IKFSE,1,1,30,0,1,0.501779359430605,0.498220640569395,0
227,1937-OTUKY,1,0,72,1,0,0.9739696312364425,0.026030368763557483,0
228,5018-HEKFO,0,0,10,0,1,0.8703703703703703,0.12962962962962962,0
229,2038-OEQZH,1,1,4,0,1,0.3558648111332008,0.6441351888667992,1
230,0315-LVCRK,1,1,11,0,1,0.3558648111332008,0.6441351888667992,1
231,1389-WNUIB,0,0,20,0,0,0.9284332688588007,0.07156673114119923,0
232,9372-TXXPS,0,0,60,1,0,0.9739696312364425,0.026030368763557483,0
233,7560-QRBXH,0,0,48,0,0,0.9284332688588007,0.07156673114119923,0
234,6479-OAUSD,0,0,25,0,0,0.9284332688588007,0.07156673114119923,0
235,8685-WHQPW,1,0,22,0,1,0.6666666666666666,0.3333333333333333,0
236,9638-JIQYA,0,0,2,0,1,0.6286919831223629,0.37130801687763715,0
237,6974-DAFLI,0,1,55,0,0,0.9284332688588007,0.07156673114119923,0
238,1866-NXPSP,0,0,36,0,0,0.9284332688588007,0.07156673114119923,0
239,4817-KEQSP,0,0,71,1,0,0.9739696312364425,0.026030368763557483,0
240,5791-KAJFD,0,0,56,0,0,0.9284332688588007,0.07156673114119923,0
241,6475-VHUIZ,0,1,23,0,1,0.8840579710144928,0.11594202898550725,0
242,3672-YITQD,1,1,36,0,1,0.501779359430605,0.498220640569395,0
243,8559-WNQZS,0,0,1,1,0,0.9739696312364425,0.026030368763557483,0
244,1680-VDCWW,0,0,12,0,0,0.9284332688588007,0.07156673114119923,0
245,7113-HIPFI,0,0,66,1,0,0.9739696312364425,0.026030368763557483,0
246,7729-XBTWX,0,0,66,1,0,0.9739696312364425,0.026030368763557483,0
247,0650-BWOZN,1,1,18,0,1,0.501779359430605,0.498220640569395,0
248,7096-ZNBZI,0,0,72,1,0,0.9739696312364425,0.026030368763557483,0
249,2200-DSAAL,0,1,68,1,0,0.9739696312364425,0.026030368763557483,0
250,0795-GMVQO,1,0,67,0,0,0.8365384615384616,0.16346153846153846,0
251,1240-KNSEZ,0,0,1,0,1,0.6286919831223629,0.37130801687763715,0
252,4967-WPNCF,0,0,72,1,0,0.9739696312364425,0.026030368763557483,0
253,2135-RXIHG,0,1,1,0,1,0.42718446601941745,0.5728155339805825,1
254,1925-TIBLE,1,1,7,0,1,0.3558648111332008,0.6441351888667992,1
255,7950-XWOVN,0,0,11,0,1,0.8703703703703703,0.12962962962962962,0
256,0129-KPTWJ,1,1,72,0,1,0.72,0.28,0
257,0214-JHPFW,0,0,70,1,0,0.9739696312364425,0.026030368763557483,0
258,8006-PYCSW,0,0,2,0,1,0.6286919831223629,0.37130801687763715,0
259,8087-LGYHQ,1,1,9,0,1,0.3558648111332008,0.6441351888667992,1
260,1334-FJSVR,0,1,1,0,1,0.42718446601941745,0.5728155339805825,1
261,5828-DWPIL,1,1,62,0,1,0.72,0.28,0
262,8224-IVVPA,0,0,27,0,1,0.8703703703703703,0.12962962962962962,0
263,6519-ZHPXP,1,0,72,1,0,0.9739696312364425,0.026030368763557483,0
264,1096-ADRUX,1,0,66,0,0,0.8365384615384616,0.16346153846153846,0
265,8593-WHYHV,1,1,3,0,1,0.3558648111332008,0.6441351888667992,1
266,9710-NJERN,0,0,39,1,0,0.9739696312364425,0.026030368763557483,0
267,6072-NUQCB,0,0,22,0,0,0.9284332688588007,0.07156673114119923,0
268,4521-YEEHE,1,1,18,0,1,0.501779359430605,0.498220640569395,0
269,8058-INTPH,1,1,1,0,1,0.112,0.888,1
270,6134-KWTBV,0,0,62,1,0,0.9739696312364425,0.026030368763557483,0
271,0750-EBAIU,1,1,52,0,0,0.7037037037037037,0.2962962962962963,0
272,3282-ZISZV,0,0,32,0,0,0.9284332688588007,0.07156673114119923,0
273,6128-DAFVY,0,0,56,0,1,0.8703703703703703,0.12962962962962962,0
274,1173-XZPYF,1,1,11,0,1,0.3558648111332008,0.6441351888667992,1
275,6907-FLBER,0,1,1,0,1,0.42718446601941745,0.5728155339805825,1
276,5696-QURRL,0,0,1,0,1,0.6286919831223629,0.37130801687763715,0
277,4647-XXZAM,0,0,6,0,1,0.8703703703703703,0.12962962962962962,0
278,5364-XYIRR,1,1,51,0,1,0.501779359430605,0.498220640569395,0
279,8824-RWFXJ,0,0,3,0,1,0.6286919831223629,0.37130801687763715,0
280,1447-PJGGA,1,1,57,1,0,0.9739696312364425,0.026030368763557483,0
281,5708-EVONK,1,0,58,0,1,0.9245283018867925,0.07547169811320754,0
282,0303-WMMRN,0,0,5,0,1,0.8703703703703703,0.12962962962962962,0
283,6927-WTFIV,1,0,20,0,1,0.6666666666666666,0.3333333333333333,0
284,9488-FYQAU,1,0,63,1,0,0.9739696312364425,0.026030368763557483,0
285,4228-ZGYUW,1,1,4,0,1,0.3558648111332008,0.6441351888667992,1
286,4282-YMKNA,1,1,9,0,1,0.3558648111332008,0.6441351888667992,1
287,3585-ISXZP,1,0,8,0,1,0.3558648111332008,0.6441351888667992,1
288,7538-GWHML,1,1,2,0,1,0.3558648111332008,0.6441351888667992,1
289,5917-RYRMG,0,0,32,0,0,0.9284332688588007,0.07156673114119923,0
290,9903-LYSAB,1,1,18,0,1,0.501779359430605,0.498220640569395,0
291,6923-AQONU,0,0,23,1,0,0.9739696312364425,0.026030368763557483,0
292,3629-WEAAM,0,0,8,0,1,0.8703703703703703,0.12962962962962962,0
293,4737-HOBAX,0,0,63,1,0,0.9739696312364425,0.026030368763557483,0
294,5220-AGAAX,0,0,68,1,0,0.9739696312364425,0.026030368763557483,0
295,5642-MHDQT,0,0,53,0,0,0.9284332688588007,0.07156673114119923,0
296,6023-GSSXW,0,0,69,1,0,0.9739696312364425,0.026030368763557483,0
297,6549-NNDYT,0,0,13,0,1,0.8703703703703703,0.12962962962962962,0
298,9547-ITEFG,1,0,9,0,1,0.3558648111332008,0.6441351888667992,1
299,0577-WHMEV,1,1,16,0,1,0.3558648111332008,0.6441351888667992,1
300,8879-ZKJOF,0,0,41,0,0,0.9284332688588007,0.07156673114119923,0
301,1833-TCXKK,1,0,45,0,1,0.6666666666666666,0.3333333333333333,0
302,7969-FFOWG,0,0,65,1,0,0.9739696312364425,0.026030368763557483,0
303,7147-AYBAA,1,0,37,0,1,0.6666666666666666,0.3333333333333333,0
304,7623-HKYRK,0,0,6,0,1,0.8703703703703703,0.12962962962962962,0
305,0343-QLUZP,0,0,60,1,0,0.9739696312364425,0.026030368763557483,0
306,1328-EUZHC,0,0,18,1,0,0.9739696312364425,0.026030368763557483,0
307,5937-EORGB,1,1,15,0,1,0.3558648111332008,0.6441351888667992,1
308,2081-VEYEH,1,1,3,0,1,0.3558648111332008,0.6441351888667992,1
309,4854-SSLTN,0,0,2,1,0,0.9739696312364425,0.026030368763557483,0
310,1353-GHZOS,0,0,22,0,0,0.9284332688588007,0.07156673114119923,0
311,8563-OYMQY,1,0,17,0,1,0.3558648111332008,0.6441351888667992,1
312,2839-RFSQE,0,0,2,0,1,0.6286919831223629,0.37130801687763715,0
313,2674-MIAHT,1,0,4,0,1,0.3558648111332008,0.6441351888667992,1
314,6620-JDYNW,0,0,18,0,1,0.8703703703703703,0.12962962962962962,0
315,1215-EXRMO,0,0,50,1,0,0.9739696312364425,0.026030368763557483,0
316,9208-OLGAQ,1,1,18,0,1,0.501779359430605,0.498220640569395,0
317,3551-GAEGL,0,0,34,0,0,0.9284332688588007,0.07156673114119923,0
318,9681-OXGVC,1,1,5,0,1,0.3558648111332008,0.6441351888667992,1
319,0620-XEFWH,0,0,4,0,1,0.8703703703703703,0.12962962962962962,0
320,8219-VYBVI,0,0,39,1,0,0.9739696312364425,0.026030368763557483,0
321,7608-RGIRO,0,0,62,1,0,0.9739696312364425,0.026030368763557483,0
322,9844-FELAJ,1,1,70,0,0,0.7037037037037037,0.2962962962962963,0
323,6646-QVXLR,1,1,62,0,0,0.7037037037037037,0.2962962962962963,0
324,3753-TSEMP,1,1,15,0,1,0.3558648111332008,0.6441351888667992,1
325,9178-JHUVJ,0,0,24,1,0,0.9739696312364425,0.026030368763557483,0
326,4837-PZTIC,0,0,47,1,0,0.9739696312364425,0.026030368763557483,0
327,7363-QTBIW,1,1,9,0,1,0.3558648111332008,0.6441351888667992,1
328,6813-GZQCG,0,0,45,1,0,0.9739696312364425,0.026030368763557483,0
329,6032-KRXXO,1,1,30,0,1,0.501779359430605,0.498220640569395,0
330,8457-XIGKN,0,0,20,0,1,0.8703703703703703,0.12962962962962962,0
331,9661-MHUMO,0,0,1,0,1,0.6286919831223629,0.37130801687763715,0
332,0486-HECZI,1,1,55,0,1,0.72,0.28,0
333,0396-HUJBP,0,0,2,0,1,0.6286919831223629,0.37130801687763715,0
334,5153-LXKDT,1,1,68,1,0,0.9739696312364425,0.026030368763557483,0
335,9734-YWGEX,1,0,9,0,1,0.3558648111332008,0.6441351888667992,1
336,2260-USTRB,1,0,2,0,1,0.3558648111332008,0.6441351888667992,1
337,7311-MQJCH,0,1,5,0,0,0.9284332688588007,0.07156673114119923,0
338,2990-OGYTD,0,0,67,1,0,0.9739696312364425,0.026030368763557483,0
339,0979-PHULV,1,0,69,0,1,0.9245283018867925,0.07547169811320754,0
340,8985-OOPOS,0,0,1,0,0,0.9284332688588007,0.07156673114119923,0
341,2834-JRTUA,1,1,71,1,0,0.9739696312364425,0.026030368763557483,0
342,0496-AHOOK,0,0,24,0,0,0.9284332688588007,0.07156673114119923,0
343,4592-IWTJI,0,0,3,0,1,0.6286919831223629,0.37130801687763715,0
344,5143-EGQFK,0,1,10,0,1,0.640625,0.359375,0
345,6968-URWQU,0,0,43,0,0,0.9284332688588007,0.07156673114119923,0
346,6141-OOXUQ,0,0,1,0,1,0.6286919831223629,0.37130801687763715,0
347,8999-EXMNO,0,0,19,1,0,0.9739696312364425,0.026030368763557483,0
348,0383-CLDDA,0,0,69,1,0,0.9739696312364425,0.026030368763557483,0
349,4971-PUYQO,1,0,27,0,1,0.6666666666666666,0.3333333333333333,0
350,6377-WHAOX,1,1,60,0,1,0.72,0.28,0
351,0218-QNVAS,1,0,71,0,0,0.8365384615384616,0.16346153846153846,0
352,9741-YLNTD,1,0,6,0,1,0.3558648111332008,0.6441351888667992,1
353,1848-LBZHY,0,0,7,0,1,0.8703703703703703,0.12962962962962962,0
354,0899-WZRSD,1,0,56,0,1,0.9245283018867925,0.07547169811320754,0
355,4884-LEVMQ,0,0,39,1,0,0.9739696312364425,0.026030368763557483,0
356,9495-SKLKD,1,0,45,0,1,0.6666666666666666,0.3333333333333333,0
357,9766-HGEDE,0,0,17,0,0,0.9284332688588007,0.07156673114119923,0
358,7449-HVPIV,1,0,55,0,1,0.9245283018867925,0.07547169811320754,0
359,7143-BQIBA,0,0,10,0,1,0.8703703703703703,0.12962962962962962,0
360,6434-TTGJP,0,0,10,1,0,0.9739696312364425,0.026030368763557483,0
361,7077-XJMET,0,1,12,0,1,0.640625,0.359375,0
362,8180-AKMJV,0,0,1,0,1,0.6286919831223629,0.37130801687763715,0
363,7010-BRBUU,0,0,72,1,0,0.9739696312364425,0.026030368763557483,0
364,3911-RSNHI,0,0,71,1,0,0.9739696312364425,0.026030368763557483,0
365,9788-YTFGE,0,0,7,0,1,0.8703703703703703,0.12962962962962962,0
366,2511-MORQY,0,0,50,0,0,0.9284332688588007,0.07156673114119923,0
367,9244-ZVAPM,0,0,1,0,1,0.6286919831223629,0.37130801687763715,0
368,0376-OIWME,1,1,36,0,1,0.501779359430605,0.498220640569395,0
369,8098-TDCBU,0,1,42,1,0,0.9739696312364425,0.026030368763557483,0
370,5248-KWLAR,0,1,71,1,0,0.9739696312364425,0.026030368763557483,0
371,5843-TTHGI,0,0,18,0,1,0.8703703703703703,0.12962962962962962,0
372,4644-OBGFZ,0,0,55,0,0,0.9284332688588007,0.07156673114119923,0
373,0637-YLETY,1,0,16,0,1,0.3558648111332008,0.6441351888667992,1
374,1471-GIQKQ,0,1,1,0,1,0.42718446601941745,0.5728155339805825,1
375,9432-VOFYX,1,1,17,0,1,0.3558648111332008,0.6441351888667992,1
376,3757-NJYBX,1,0,32,0,1,0.6666666666666666,0.3333333333333333,0
377,3746-EUBYR,1,0,1,0,1,0.112,0.888,1
378,6692-UDPJC,1,1,14,0,1,0.3558648111332008,0.6441351888667992,1
379,9975-SKRNR,0,0,1,0,1,0.6286919831223629,0.37130801687763715,0
380,8007-YYPWD,0,0,15,1,0,0.9739696312364425,0.026030368763557483,0
381,7130-VTEWQ,1,1,8,0,1,0.3558648111332008,0.6441351888667992,1
382,8313-AFGBW,0,1,47,1,0,0.9739696312364425,0.026030368763557483,0
383,5084-OOVCJ,0,0,17,0,1,0.8703703703703703,0.12962962962962962,0
384,6035-RIIOM,1,0,54,1,0,0.9739696312364425,0.026030368763557483,0
385,1703-MGIAB,0,0,17,0,1,0.8703703703703703,0.12962962962962962,0
386,2379-GYFLQ,1,0,46,0,0,0.8365384615384616,0.16346153846153846,0
387,4056-QHXHZ,1,0,72,1,0,0.9739696312364425,0.026030368763557483,0
388,8869-LIHMK,1,0,64,1,0,0.9739696312364425,0.026030368763557483,0
389,8295-KMENE,0,0,59,1,0,0.9739696312364425,0.026030368763557483,0
390,6339-DKLMK,0,1,13,0,1,0.640625,0.359375,0
391,3721-CNEYS,1,1,2,0,1,0.3558648111332008,0.6441351888667992,1
392,7446-KQISO,1,0,45,1,0,0.9739696312364425,0.026030368763557483,0
393,2251-PYLPB,0,0,72,1,0,0.9739696312364425,0.026030368763557483,0
394,6513-EECDB,1,1,1,0,1,0.112,0.888,1
395,1676-MQAOA,0,0,72,1,0,0.9739696312364425,0.026030368763557483,0
396,6855-VLGOS,0,1,72,1,0,0.9739696312364425,0.026030368763557483,0
397,9644-KVCNC,1,0,66,0,0,0.8365384615384616,0.16346153846153846,0
398,5884-GCYMI,1,0,1,0,1,0.112,0.888,1
399,3324-OIRTO,1,0,71,0,0,0.8365384615384616,0.16346153846153846,0
400,4472-VESGY,1,0,52,0,1,0.9245283018867925,0.07547169811320754,0
401,8777-PVYGU,0,0,52,0,0,0.9284332688588007,0.07156673114119923,0
402,7989-VCQOH,0,1,18,0,1,0.640625,0.359375,0
403,1207-BLKSA,0,0,52,1,0,0.9739696312364425,0.026030368763557483,0
404,3325-FUYCG,1,1,28,0,0,0.7037037037037037,0.2962962962962963,0
405,1679-JRFBR,1,0,70,0,0,0.8365384615384616,0.16346153846153846,0
406,4573-JKNAE,0,0,12,1,0,0.9739696312364425,0.026030368763557483,0
407,7825-ECJRF,1,1,19,0,1,0.501779359430605,0.498220640569395,0
408,4929-ROART,0,0,18,0,1,0.8703703703703703,0.12962962962962962,0
409,2892-GESUL,0,0,18,1,0,0.9739696312364425,0.026030368763557483,0
410,1492-QGCLU,0,1,53,0,1,0.8840579710144928,0.11594202898550725,0
411,5465-BUBFA,0,0,41,1,0,0.9739696312364425,0.026030368763557483,0
412,4211-MMAZN,0,0,1,0,1,0.6286919831223629,0.37130801687763715,0
413,2832-KJCRD,1,1,38,0,1,0.501779359430605,0.498220640569395,0
414,7239-HZZCX,0,0,1,0,1,0.6286919831223629,0.37130801687763715,0
415,0723-DRCLG,1,1,1,0,1,0.112,0.888,1
416,7634-WSWDB,0,1,8,0,1,0.640625,0.359375,0
417,6473-ULUHT,0,1,16,0,1,0.640625,0.359375,0
418,0895-LMRSF,0,0,23,0,0,0.9284332688588007,0.07156673114119923,0
419,0257-KXZGU,0,0,32,0,1,0.8703703703703703,0.12962962962962962,0
420,0581-BXBUB,1,1,4,0,1,0.3558648111332008,0.6441351888667992,1
421,5916-QEWPT,0,0,2,0,1,0.6286919831223629,0.37130801687763715,0
422,7169-YWAMK,0,0,72,1,0,0.9739696312364425,0.026030368763557483,0
423,3714-NTNFO,1,1,49,0,1,0.501779359430605,0.498220640569395,0
424,1699-HPSBG,0,1,12,0,0,0.9284332688588007,0.07156673114119923,0
425,4317-VTEOA,0,1,1,0,1,0.42718446601941745,0.5728155339805825,1
426,2642-MAWLJ,0,0,36,1,0,0.9739696312364425,0.026030368763557483,0
427,5495-GPSRW,0,0,20,1,0,0.9739696312364425,0.026030368763557483,0
428,0744-BIKKF,0,0,72,1,0,0.9739696312364425,0.026030368763557483,0
429,0080-OROZO,1,1,35,0,0,0.7037037037037037,0.2962962962962963,0
430,0727-IWKVK,1,1,9,0,1,0.3558648111332008,0.6441351888667992,1
431,3389-YGYAI,1,1,8,0,1,0.3558648111332008,0.6441351888667992,1
432,6265-FRMTQ,0,0,31,1,0,0.9739696312364425,0.026030368763557483,0
433,4813-HQMGZ,1,1,8,0,1,0.3558648111332008,0.6441351888667992,1
434,3957-SQXML,0,0,34,1,0,0.9739696312364425,0.026030368763557483,0
435,8166-ZZTFS,0,0,66,1,0,0.9739696312364425,0.026030368763557483,0
436,2485-ITVKB,0,1,2,0,1,0.42718446601941745,0.5728155339805825,1
437,4634-JLRJT,0,0,1,0,1,0.6286919831223629,0.37130801687763715,0
438,1167-OYZJF,0,0,67,1,0,0.9739696312364425,0.026030368763557483,0
439,1200-TUZHR,1,1,8,0,1,0.3558648111332008,0.6441351888667992,1
440,0771-CHWSK,0,0,66,1,0,0.9739696312364425,0.026030368763557483,0
441,6122-LJADA,0,0,70,1,0,0.9739696312364425,0.026030368763557483,0
442,1307-TVUFB,1,0,42,0,1,0.6666666666666666,0.3333333333333333,0
443,0078-XZMHT,0,0,72,1,0,0.9739696312364425,0.026030368763557483,0
444,7787-BNTZM,0,0,6,0,1,0.8703703703703703,0.12962962962962962,0
445,0330-IVZHA,1,1,5,0,1,0.3558648111332008,0.6441351888667992,1
446,7716-YTYHG,1,0,48,0,0,0.8365384615384616,0.16346153846153846,0
447,8148-WOCMK,0,0,8,1,0,0.9739696312364425,0.026030368763557483,0
448,5799-JRCZO,0,0,63,1,0,0.9739696312364425,0.026030368763557483,0
449,9548-ZMVTX,1,0,72,1,0,0.9739696312364425,0.026030368763557483,0
450,0594-UFTUL,0,0,13,0,1,0.8703703703703703,0.12962962962962962,0
451,9866-QEVEE,1,0,19,0,1,0.6666666666666666,0.3333333333333333,0
452,1357-BIJKI,1,1,50,0,0,0.7037037037037037,0.2962962962962963,0
453,6156-UZDLF,1,0,26,0,0,0.8365384615384616,0.16346153846153846,0
454,4110-PFEUZ,1,0,1,0,1,0.112,0.888,1
455,1599-EAHXY,0,0,60,0,0,0.9284332688588007,0.07156673114119923,0
456,8097-OMULG,0,0,59,0,0,0.9284332688588007,0.07156673114119923,0
457,2108-GLPQB,0,0,25,0,1,0.8703703703703703,0.12962962962962962,0
458,0129-QMPDR,0,0,44,0,0,0.9284332688588007,0.07156673114119923,0
459,4685-TFLLS,0,0,18,0,0,0.9284332688588007,0.07156673114119923,0
460,8715-KKTFG,1,0,61,0,0,0.8365384615384616,0.16346153846153846,0
461,7075-BNDVQ,0,0,4,0,1,0.8703703703703703,0.12962962962962962,0
462,0872-CASZJ,0,0,59,0,0,0.9284332688588007,0.07156673114119923,0
463,4537-DKTAL,0,1,2,0,1,0.42718446601941745,0.5728155339805825,1
464,5393-HJZSM,0,0,32,0,1,0.8703703703703703,0.12962962962962962,0
465,8065-BVEPF,1,0,65,0,1,0.9245283018867925,0.07547169811320754,0
466,2754-SDJRD,1,0,8,0,1,0.3558648111332008,0.6441351888667992,1
467,1834-WULEG,0,0,24,0,0,0.9284332688588007,0.07156673114119923,0
468,1704-NRWYE,1,1,9,0,1,0.3558648111332008,0.6441351888667992,1
469,6885-PKOAM,0,0,71,1,0,0.9739696312364425,0.026030368763557483,0
470,4237-RLAQD,0,0,1,0,1,0.6286919831223629,0.37130801687763715,0
471,4450-YOOHP,0,0,39,0,1,0.8703703703703703,0.12962962962962962,0
472,7783-YKGDV,1,0,12,0,1,0.3558648111332008,0.6441351888667992,1
473,1088-CNNKB,0,0,63,0,0,0.9284332688588007,0.07156673114119923,0
474,6656-JWRQX,0,0,1,0,1,0.6286919831223629,0.37130801687763715,0
475,4822-LPTYJ,1,0,72,1,0,0.9739696312364425,0.026030368763557483,0
476,4232-JGKIY,0,1,1,0,1,0.42718446601941745,0.5728155339805825,1
477,5198-HQAEN,1,1,35,0,0,0.7037037037037037,0.2962962962962963,0
478,0201-OAMXR,1,0,70,0,0,0.8365384615384616,0.16346153846153846,0
479,8746-BFOAJ,0,0,21,0,0,0.9284332688588007,0.07156673114119923,0
480,1092-WPIVQ,0,0,18,1,0,0.9739696312364425,0.026030368763557483,0
481,4289-DTDKW,1,1,40,0,1,0.501779359430605,0.498220640569395,0
482,2676-SSLTO,0,0,49,1,0,0.9739696312364425,0.026030368763557483,0
483,3320-VEOYC,1,1,14,0,1,0.3558648111332008,0.6441351888667992,1
484,1088-AUUZZ,0,0,56,1,0,0.9739696312364425,0.026030368763557483,0
485,9396-ZSFLL,0,0,15,0,1,0.8703703703703703,0.12962962962962962,0
486,0859-YGKFW,0,0,18,0,0,0.9284332688588007,0.07156673114119923,0
487,1038-RQOST,0,0,19,0,1,0.8703703703703703,0.12962962962962962,0
488,5345-BMKWB,0,0,8,0,1,0.8703703703703703,0.12962962962962962,0
489,1709-EJDOX,0,0,47,1,0,0.9739696312364425,0.026030368763557483,0
490,8861-HGGKB,1,1,10,0,1,0.3558648111332008,0.6441351888667992,1
491,7860-KSUGX,0,0,72,1,0,0.9739696312364425,0.026030368763557483,0
492,0862-PRCBS,1,0,68,1,0,0.9739696312364425,0.026030368763557483,0
493,5570-PTWEH,1,0,3,0,1,0.3558648111332008,0.6441351888667992,1
494,4422-QVIJA,0,0,35,0,1,0.8703703703703703,0.12962962962962962,0
495,9091-WTUUY,0,0,64,1,0,0.9739696312364425,0.026030368763557483,0
496,5160-UXJED,0,0,17,0,0,0.9284332688588007,0.07156673114119923,0
497,0412-UCCNP,0,1,55,1,0,0.9739696312364425,0.026030368763557483,0
498,4673-KKSLS,1,1,31,0,1,0.501779359430605,0.498220640569395,0
499,9701-CDXHR,1,0,51,0,1,0.6666666666666666,0.3333333333333333,0
500,1985-MBRYP,0,0,43,1,0,0.9739696312364425,0.026030368763557483,0
501,9223-UCPVT,1,1,1,0,1,0.112,0.888,1
502,4129-LYCOI,1,1,67,1,0,0.9739696312364425,0.026030368763557483,0
503,7410-YTJIK,1,0,7,0,1,0.3558648111332008,0.6441351888667992,1
504,8327-WKMIE,0,0,37,0,0,0.9284332688588007,0.07156673114119923,0
505,4393-RYCRE,1,1,44,0,0,0.7037037037037037,0.2962962962962963,0
506,4999-IEZLT,0,0,66,0,0,0.9284332688588007,0.07156673114119923,0
507,9696-RMYBA,1,0,5,0,1,0.3558648111332008,0.6441351888667992,1
508,2011-TRQYE,0,0,18,0,1,0.8703703703703703,0.12962962962962962,0
509,8690-UPCZI,0,0,29,0,0,0.9284332688588007,0.07156673114119923,0
510,1494-EJZDW,0,0,10,1,0,0.9739696312364425,0.026030368763557483,0
511,7312-XSBAT,0,1,1,0,1,0.42718446601941745,0.5728155339805825,1
512,4893-GYUJU,0,0,50,0,0,0.9284332688588007,0.07156673114119923,0
513,2157-MXBJS,0,0,13,0,0,0.9284332688588007,0.07156673114119923,0
514,7883-ROJOC,0,0,19,0,1,0.8703703703703703,0.12962962962962962,0
515,1401-FTHFQ,0,0,23,0,0,0.9284332688588007,0.07156673114119923,0
516,7225-CBZPL,1,1,17,0,1,0.3558648111332008,0.6441351888667992,1
517,7398-HPYZQ,0,0,71,1,0,0.9739696312364425,0.026030368763557483,0
518,0778-NELLA,0,0,9,0,1,0.8703703703703703,0.12962962962962962,0
519,4676-MQUEA,1,0,50,0,0,0.8365384615384616,0.16346153846153846,0
520,3439-GVUSX,0,0,1,0,1,0.6286919831223629,0.37130801687763715,0
521,3884-HCSWG,1,1,17,0,1,0.3558648111332008,0.6441351888667992,1
522,3002-WQZWT,1,1,29,0,1,0.501779359430605,0.498220640569395,0
523,4361-JEIVL,0,1,1,0,1,0.42718446601941745,0.5728155339805825,1
524,2786-GCDPI,1,1,50,0,1,0.501779359430605,0.498220640569395,0
525,6203-HBZPA,0,0,52,1,0,0.9739696312364425,0.026030368763557483,0
526,7861-UVUFT,1,1,15,0,1,0.3558648111332008,0.6441351888667992,1
527,9593-CVZKR,0,0,56,1,0,0.9739696312364425,0.026030368763557483,0
528,8433-WPJTV,1,0,65,0,0,0.8365384615384616,0.16346153846153846,0
529,4896-CPRPF,0,0,35,1,0,0.9739696312364425,0.026030368763557483,0
530,5561-NWEVX,1,1,2,0,1,0.3558648111332008,0.6441351888667992,1
531,2034-CGRHZ,1,0,24,0,1,0.6666666666666666,0.3333333333333333,0
532,3946-MHCZW,0,0,1,0,1,0.6286919831223629,0.37130801687763715,0
533,0810-DHDBD,0,0,52,0,0,0.9284332688588007,0.07156673114119923,0
534,3352-ALMCK,1,0,40,0,1,0.6666666666666666,0.3333333333333333,0
535,7065-YUNRY,0,0,1,0,1,0.6286919831223629,0.37130801687763715,0
536,5370-IIVVL,1,0,37,0,0,0.8365384615384616,0.16346153846153846,0
537,9342-VNIMQ,0,0,33,0,1,0.8703703703703703,0.12962962962962962,0
538,2931-VUVJN,1,1,59,0,0,0.7037037037037037,0.2962962962962963,0
539,8221-HVAYI,0,0,35,1,0,0.9739696312364425,0.026030368763557483,0
540,5915-ANOEI,0,0,70,1,0,0.9739696312364425,0.026030368763557483,0
541,6647-ZEDXT,1,0,30,0,0,0.8365384615384616,0.16346153846153846,0
542,3404-JNXAX,1,1,51,0,1,0.501779359430605,0.498220640569395,0
543,3557-HTYWR,0,0,47,1,0,0.9739696312364425,0.026030368763557483,0
544,5119-KEPFY,1,0,36,0,1,0.6666666666666666,0.3333333333333333,0
545,6967-PEJLL,0,1,37,0,0,0.9284332688588007,0.07156673114119923,0
546,5515-IDEJJ,0,0,1,0,1,0.6286919831223629,0.37130801687763715,0
547,4927-WWOOZ,1,1,2,0,1,0.3558648111332008,0.6441351888667992,1
548,5857-XRECV,0,0,2,0,0,0.9284332688588007,0.07156673114119923,0
549,7945-PRBVF,0,0,35,1,0,0.9739696312364425,0.026030368763557483,0
550,7164-BPTUT,0,0,57,1,0,0.9739696312364425,0.026030368763557483,0
551,1730-VFMWO,0,0,34,0,1,0.8703703703703703,0.12962962962962962,0
552,0141-YEAYS,1,0,27,0,1,0.6666666666666666,0.3333333333333333,0
553,5793-YOLJN,0,0,55,1,0,0.9739696312364425,0.026030368763557483,0
554,2804-ETQDK,0,0,66,1,0,0.9739696312364425,0.026030368763557483,0
555,2453-SAFNS,0,0,54,0,0,0.9284332688588007,0.07156673114119923,0
556,3181-MIZBN,0,1,16,0,1,0.640625,0.359375,0
557,6023-YEBUP,1,1,3,0,1,0.3558648111332008,0.6441351888667992,1
558,7297-DVYGA,0,0,51,0,0,0.9284332688588007,0.07156673114119923,0
559,2961-VNFKL,0,0,71,1,0,0.9739696312364425,0.026030368763557483,0
560,6876-ADESB,0,1,1,0,1,0.42718446601941745,0.5728155339805825,1
561,3508-CFVZL,1,0,71,1,0,0.9739696312364425,0.026030368763557483,0
562,2612-PHGOX,0,0,64,1,0,0.9739696312364425,0.026030368763557483,0
563,9314-QDMDW,0,1,11,0,0,0.9284332688588007,0.07156673114119923,0
564,0723-VSOBE,0,1,45,0,0,0.9284332688588007,0.07156673114119923,0
565,8160-HOWOX,0,1,7,0,1,0.640625,0.359375,0
566,4603-JANFB,1,1,1,0,1,0.112,0.888,1
567,5296-BFCYD,0,0,46,1,0,0.9739696312364425,0.026030368763557483,0
568,0725-CXOTM,0,0,36,0,0,0.9284332688588007,0.07156673114119923,0
569,8265-HKSOW,1,0,72,1,0,0.9739696312364425,0.026030368763557483,0
570,3649-JPUGY,0,0,72,1,0,0.9739696312364425,0.026030368763557483,0
571,3164-AALRN,0,0,5,0,0,0.9284332688588007,0.07156673114119923,0
572,8402-OOOHJ,0,0,41,1,0,0.9739696312364425,0.026030368763557483,0
573,1205-WNWPJ,0,0,7,0,1,0.8703703703703703,0.12962962962962962,0
574,8874-EJNSR,0,0,39,1,0,0.9739696312364425,0.026030368763557483,0
575,9689-PTNPG,1,1,2,0,1,0.3558648111332008,0.6441351888667992,1
576,6680-WKXRZ,1,0,3,0,1,0.3558648111332008,0.6441351888667992,1
577,7005-CYUIL,1,1,71,1,0,0.9739696312364425,0.026030368763557483,0
578,5174-ITUMV,1,1,67,0,0,0.7037037037037037,0.2962962962962963,0
579,8859-YSTWS,0,0,48,0,0,0.9284332688588007,0.07156673114119923,0
580,9837-FWLCH,0,1,12,0,1,0.640625,0.359375,0
581,5732-IKGQH,1,0,52,0,0,0.8365384615384616,0.16346153846153846,0
582,5346-BZCHP,0,0,69,1,0,0.9739696312364425,0.026030368763557483,0
583,8805-JNRAZ,0,0,2,0,1,0.6286919831223629,0.37130801687763715,0
584,5067-WJEUN,0,0,67,1,0,0.9739696312364425,0.026030368763557483,0
585,7730-CLDSV,1,0,72,1,0,0.9739696312364425,0.026030368763557483,0
586,8012-SOUDQ,1,1,43,0,1,0.501779359430605,0.498220640569395,0
587,7101-HRBLJ,0,0,72,1,0,0.9739696312364425,0.026030368763557483,0
588,6917-IAYHD,0,0,1,0,1,0.6286919831223629,0.37130801687763715,0
589,1121-QSIVB,0,0,44,0,0,0.9284332688588007,0.07156673114119923,0
590,7572-KPVKK,1,1,62,1,0,0.9739696312364425,0.026030368763557483,0
591,6115-ZTBFQ,0,0,72,1,0,0.9739696312364425,0.026030368763557483,0
592,9225-BZLNZ,0,1,72,1,0,0.9739696312364425,0.026030368763557483,0
593,0463-ZSDNT,0,0,10,0,1,0.8703703703703703,0.12962962962962962,0
594,9788-HNGUT,1,0,72,1,0,0.9739696312364425,0.026030368763557483,0
595,9584-EXCDZ,1,0,17,0,1,0.3558648111332008,0.6441351888667992,1
596,2188-SXWVT,0,0,34,0,0,0.9284332688588007,0.07156673114119923,0
597,6103-BOCOU,1,1,26,0,1,0.501779359430605,0.498220640569395,0
598,8922-NPKBJ,0,0,42,1,0,0.9739696312364425,0.026030368763557483,0
599,9420-LOJKX,1,0,15,0,1,0.3558648111332008,0.6441351888667992,1
600,1216-JWVUX,1,1,25,0,1,0.501779359430605,0.498220640569395,0
601,5619-XZZKR,0,0,4,0,0,0.9284332688588007,0.07156673114119923,0
602,8592-PLTMQ,0,0,64,0,0,0.9284332688588007,0.07156673114119923,0
603,8735-NBLWT,0,0,9,0,1,0.8703703703703703,0.12962962962962962,0
604,7240-FQLHE,1,0,18,0,1,0.6666666666666666,0.3333333333333333,0
605,0603-TPMIB,0,0,59,1,0,0.9739696312364425,0.026030368763557483,0
606,9173-IVZVP,0,0,53,1,0,0.9739696312364425,0.026030368763557483,0
607,4913-EHYUI,1,0,56,0,0,0.8365384615384616,0.16346153846153846,0
608,6797-LNAQX,1,0,70,1,0,0.9739696312364425,0.026030368763557483,0
609,7669-LCRSD,0,0,12,0,1,0.8703703703703703,0.12962962962962962,0
610,6651-AZVTJ,1,1,49,0,1,0.501779359430605,0.498220640569395,0
611,8189-DUKMV,0,0,4,0,0,0.9284332688588007,0.07156673114119923,0
612,6103-LIANB,1,0,59,1,0,0.9739696312364425,0.026030368763557483,0
613,7446-YPODE,0,0,11,0,1,0.8703703703703703,0.12962962962962962,0
614,3399-BMLVW,0,0,51,1,0,0.9739696312364425,0.026030368763557483,0
615,1374-DMZUI,1,1,4,0,1,0.3558648111332008,0.6441351888667992,1
616,5562-BETPV,0,0,1,0,0,0.9284332688588007,0.07156673114119923,0
617,5687-DKDTV,0,0,4,0,1,0.8703703703703703,0.12962962962962962,0
618,3763-GCZHZ,1,1,66,0,0,0.7037037037037037,0.2962962962962963,0
619,5692-ICXLW,1,1,31,0,1,0.501779359430605,0.498220640569395,0
620,5216-WASFJ,1,1,31,0,1,0.501779359430605,0.498220640569395,0
621,2282-YGNOR,0,0,29,0,0,0.9284332688588007,0.07156673114119923,0
622,0963-ZBDRN,1,1,32,0,1,0.501779359430605,0.498220640569395,0
623,8259-DZLIZ,0,0,64,0,0,0.9284332688588007,0.07156673114119923,0
624,7601-DHFWZ,0,0,48,1,0,0.9739696312364425,0.026030368763557483,0
625,2388-LAESQ,1,0,72,1,0,0.9739696312364425,0.026030368763557483,0
626,7025-IWFHT,1,1,41,0,0,0.7037037037037037,0.2962962962962963,0
627,1930-QPBVZ,1,0,68,1,0,0.9739696312364425,0.026030368763557483,0
628,9880-TDQAC,0,1,72,1,0,0.9739696312364425,0.026030368763557483,0
629,0519-XUZJU,1,0,1,0,1,0.112,0.888,1
630,4883-KCPZJ,0,0,22,1,0,0.9739696312364425,0.026030368763557483,0
631,5948-UJZLF,0,0,2,0,1,0.6286919831223629,0.37130801687763715,0
632,3199-XGZCY,1,1,8,0,1,0.3558648111332008,0.6441351888667992,1
633,1432-FPAXX,0,1,29,0,1,0.8840579710144928,0.11594202898550725,0
634,6480-YAGIY,1,0,45,0,0,0.8365384615384616,0.16346153846153846,0
635,7554-NEWDD,0,0,10,1,0,0.9739696312364425,0.026030368763557483,0
636,7089-RKVSZ,0,0,8,0,0,0.9284332688588007,0.07156673114119923,0
637,9494-BDNNC,1,1,66,0,0,0.7037037037037037,0.2962962962962963,0
638,2195-ZRVAX,1,1,47,0,1,0.501779359430605,0.498220640569395,0
639,7079-QRCBC,1,1,24,0,1,0.501779359430605,0.498220640569395,0
640,8573-JGCZW,0,0,17,0,0,0.9284332688588007,0.07156673114119923,0
641,3082-YVEKW,0,0,23,1,0,0.9739696312364425,0.026030368763557483,0
642,7398-LXGYX,1,0,44,0,1,0.6666666666666666,0.3333333333333333,0
643,7841-TZDMQ,0,0,2,0,1,0.6286919831223629,0.37130801687763715,0
644,4484-CGXFK,0,1,3,0,1,0.42718446601941745,0.5728155339805825,1
645,2929-QNSRW,1,1,56,0,0,0.7037037037037037,0.2962962962962963,0
646,9574-RKJIF,1,1,30,0,1,0.501779359430605,0.498220640569395,0
647,6061-GWWAV,0,0,41,0,0,0.9284332688588007,0.07156673114119923,0
648,2382-BCKQJ,1,1,62,0,0,0.7037037037037037,0.2962962962962963,0
649,0151-ONTOV,1,0,1,0,1,0.112,0.888,1
650,2061-VVFST,0,0,37,0,1,0.8703703703703703,0.12962962962962962,0
651,9965-YOKZB,1,1,9,0,1,0.3558648111332008,0.6441351888667992,1
652,1150-WFARN,1,0,67,1,0,0.9739696312364425,0.026030368763557483,0
653,4501-EQDRN,1,0,1,0,1,0.112,0.888,1
654,0907-HQNTS,1,0,70,1,0,0.9739696312364425,0.026030368763557483,0
655,3370-HXOPH,1,1,3,0,1,0.3558648111332008,0.6441351888667992,1
656,5016-LIPDW,0,0,57,0,0,0.9284332688588007,0.07156673114119923,0
657,8676-TRMJS,1,0,3,0,1,0.3558648111332008,0.6441351888667992,1
658,2091-RFFBA,1,1,31,0,1,0.501779359430605,0.498220640569395,0
659,3683-QKIUE,0,0,6,0,1,0.8703703703703703,0.12962962962962962,0
660,2880-FPNAE,1,1,2,0,1,0.3558648111332008,0.6441351888667992,1
661,6131-IUNXN,0,0,19,0,1,0.8703703703703703,0.12962962962962962,0
662,2672-DZUOY,0,1,1,0,1,0.42718446601941745,0.5728155339805825,1
663,1707-HABPF,1,0,46,0,0,0.8365384615384616,0.16346153846153846,0
664,8819-WFGGJ,0,0,68,1,0,0.9739696312364425,0.026030368763557483,0
665,2656-TABEH,1,1,4,0,1,0.3558648111332008,0.6441351888667992,1
666,1090-PYKCI,1,0,69,0,0,0.8365384615384616,0.16346153846153846,0
667,1661-CZBAU,0,0,48,0,0,0.9284332688588007,0.07156673114119923,0
668,3457-PQBYH,0,0,58,1,0,0.9739696312364425,0.026030368763557483,0
669,0040-HALCW,0,0,54,1,0,0.9739696312364425,0.026030368763557483,0
670,2480-JZOSN,0,0,1,0,1,0.6286919831223629,0.37130801687763715,0
671,0902-RFHOF,0,0,38,0,0,0.9284332688588007,0.07156673114119923,0
672,5766-XQXMQ,0,0,29,0,1,0.8703703703703703,0.12962962962962962,0
673,5519-TEEUH,0,0,33,0,0,0.9284332688588007,0.07156673114119923,0
674,1852-XEMDW,0,0,22,0,1,0.8703703703703703,0.12962962962962962,0
675,0224-HJAPT,0,1,5,0,1,0.640625,0.359375,0
676,6198-PNNSZ,1,0,56,0,0,0.8365384615384616,0.16346153846153846,0
677,7134-MJPDY,1,0,66,0,0,0.8365384615384616,0.16346153846153846,0
678,0430-IHCDJ,0,1,15,0,1,0.640625,0.359375,0
679,2088-IEBAU,0,1,68,1,0,0.9739696312364425,0.026030368763557483,0
680,3635-JBPSG,0,0,15,1,0,0.9739696312364425,0.026030368763557483,0
681,2853-CWQFQ,0,0,1,0,1,0.6286919831223629,0.37130801687763715,0
682,1063-DHQJF,1,0,69,1,0,0.9739696312364425,0.026030368763557483,0
683,6967-QIQRV,1,1,15,0,0,0.7037037037037037,0.2962962962962963,0
684,3128-YOVTD,1,0,51,0,1,0.6666666666666666,0.3333333333333333,0
685,0887-HJGAR,0,0,1,0,1,0.6286919831223629,0.37130801687763715,0
686,3120-FAZKD,0,0,54,1,0,0.9739696312364425,0.026030368763557483,0
687,6713-OKOMC,0,0,10,0,1,0.8703703703703703,0.12962962962962962,0
688,9508-ILZDG,1,1,34,0,1,0.501779359430605,0.498220640569395,0
689,9680-NIAUV,1,0,72,1,0,0.9739696312364425,0.026030368763557483,0
690,8837-VVWLQ,1,1,8,0,1,0.3558648111332008,0.6441351888667992,1
691,3678-MNGZX,0,0,68,1,0,0.9739696312364425,0.026030368763557483,0
692,9231-ZJYAM,1,1,4,0,1,0.3558648111332008,0.6441351888667992,1
693,2509-TFPJU,0,0,72,1,0,0.9739696312364425,0.026030368763557483,0
694,4060-LDNLU,1,1,7,0,1,0.3558648111332008,0.6441351888667992,1
695,5135-RDDQL,0,0,63,1,0,0.9739696312364425,0.026030368763557483,0
696,6394-MFYNG,1,0,48,0,1,0.6666666666666666,0.3333333333333333,0
697,4138-NAXED,1,0,51,0,1,0.6666666666666666,0.3333333333333333,0
698,6711-FLDFB,1,1,7,0,1,0.3558648111332008,0.6441351888667992,1
699,5032-MIYKT,1,0,1,0,1,0.112,0.888,1
700,7501-VTYLJ,0,0,2,0,1,0.6286919831223629,0.37130801687763715,0
701,9498-FIMXL,0,0,8,0,0,0.9284332688588007,0.07156673114119923,0
702,5442-UTCVD,1,1,3,0,1,0.3558648111332008,0.6441351888667992,1
703,0212-ISBBF,0,1,22,0,1,0.640625,0.359375,0
704,3669-LVWZB,0,0,5,0,1,0.8703703703703703,0.12962962962962962,0
705,6614-YOLAC,0,0,71,1,0,0.9739696312364425,0.026030368763557483,0
706,0708-SJDIS,0,0,34,0,1,0.8703703703703703,0.12962962962962962,0
707,4464-JCOLN,0,0,2,0,0,0.9284332688588007,0.07156673114119923,0
708,2589-AYCRP,0,0,50,0,0,0.9284332688588007,0.07156673114119923,0
709,2037-SGXHH,1,1,38,0,1,0.501779359430605,0.498220640569395,0
710,4210-QFJMF,1,1,4,0,1,0.3558648111332008,0.6441351888667992,1
711,6319-QSUSR,0,0,11,0,1,0.8703703703703703,0.12962962962962962,0
712,4821-WQOYN,0,0,72,1,0,0.9739696312364425,0.026030368763557483,0
713,2267-WTPYD,1,0,57,0,1,0.9245283018867925,0.07547169811320754,0
714,6733-LRIZX,1,1,35,1,0,0.9739696312364425,0.026030368763557483,0
715,8089-UZWLX,1,0,71,1,0,0.9739696312364425,0.026030368763557483,0
716,0654-HMSHN,1,1,21,0,1,0.501779359430605,0.498220640569395,0
717,5324-KTGCG,0,1,71,0,0,0.9284332688588007,0.07156673114119923,0
718,9624-EGDEQ,0,0,37,1,0,0.9739696312364425,0.026030368763557483,0
719,7951-QKZPL,0,0,33,1,0,0.9739696312364425,0.026030368763557483,0
720,1820-TQVEV,1,1,1,0,1,0.112,0.888,1
721,8780-YRMTT,0,0,66,1,0,0.9739696312364425,0.026030368763557483,0
722,5998-DZLYR,1,0,61,1,0,0.9739696312364425,0.026030368763557483,0
723,9050-QLROH,1,0,18,0,1,0.6666666666666666,0.3333333333333333,0
724,4083-BFNYK,1,0,38,0,0,0.8365384615384616,0.16346153846153846,0
725,1763-KUAAW,0,0,18,0,0,0.9284332688588007,0.07156673114119923,0
726,0923-PNFUB,1,1,3,0,1,0.3558648111332008,0.6441351888667992,1
727,3518-PZXZQ,0,0,1,0,1,0.6286919831223629,0.37130801687763715,0
728,5923-GXUOC,1,1,10,0,1,0.3558648111332008,0.6441351888667992,1
729,4583-PARNH,1,1,16,0,1,0.3558648111332008,0.6441351888667992,1
730,2111-DWYHN,0,0,1,0,1,0.6286919831223629,0.37130801687763715,0
731,1307-ATKGB,1,1,24,0,1,0.501779359430605,0.498220640569395,0
732,5012-YSPJJ,0,0,31,0,1,0.8703703703703703,0.12962962962962962,0
733,0394-YONDK,0,0,70,1,0,0.9739696312364425,0.026030368763557483,0
734,6614-YWYSC,0,0,61,1,0,0.9739696312364425,0.026030368763557483,0
735,0836-SEYLU,0,0,9,0,1,0.8703703703703703,0.12962962962962962,0
736,2789-HQBOU,1,1,3,0,1,0.3558648111332008,0.6441351888667992,1
737,3850-OKINF,0,1,71,0,0,0.9284332688588007,0.07156673114119923,0
738,9369-XFEHK,1,0,33,0,1,0.6666666666666666,0.3333333333333333,0
739,2324-AALNO,0,0,48,0,0,0.9284332688588007,0.07156673114119923,0
740,2748-MYRVK,1,0,63,0,0,0.8365384615384616,0.16346153846153846,0
741,8654-DHAOW,0,0,2,0,1,0.6286919831223629,0.37130801687763715,0
742,8096-LOIST,0,1,19,0,1,0.640625,0.359375,0
743,7233-DRTRF,1,1,63,0,1,0.72,0.28,0
744,9110-HSGTV,0,0,69,1,0,0.9739696312364425,0.026030368763557483,0
745,5546-BYZSM,0,1,41,0,1,0.8840579710144928,0.11594202898550725,0
746,5961-VUSRV,0,0,12,0,0,0.9284332688588007,0.07156673114119923,0
747,3126-WQMGH,0,0,49,0,1,0.8703703703703703,0.12962962962962962,0
748,3129-AAQOU,0,0,19,1,0,0.9739696312364425,0.026030368763557483,0
749,4942-VZZOM,0,0,64,0,0,0.9284332688588007,0.07156673114119923,0
750,1899-VXWXM,1,0,48,0,0,0.8365384615384616,0.16346153846153846,0
751,1098-TDVUQ,0,0,1,0,1,0.6286919831223629,0.37130801687763715,0
752,3200-MNQTF,0,0,67,1,0,0.9739696312364425,0.026030368763557483,0
753,8946-BFWSG,0,0,63,1,0,0.9739696312364425,0.026030368763557483,0
754,0674-DGMAQ,1,1,32,0,1,0.501779359430605,0.498220640569395,0
755,5043-TRZWM,1,1,1,0,1,0.112,0.888,1
756,4160-AMJTL,0,1,8,0,1,0.640625,0.359375,0
757,1301-LOPVR,0,0,29,0,0,0.9284332688588007,0.07156673114119923,0
758,7296-PIXQY,1,1,14,0,1,0.3558648111332008,0.6441351888667992,1
759,6990-YNRIO,1,0,65,1,0,0.9739696312364425,0.026030368763557483,0
760,0420-HLGXF,1,1,39,0,1,0.501779359430605,0.498220640569395,0
761,1555-HAPSU,0,0,71,1,0,0.9739696312364425,0.026030368763557483,0
762,4902-OHLSK,1,1,29,0,1,0.501779359430605,0.498220640569395,0
763,9617-INGJY,1,0,1,0,1,0.112,0.888,1
764,2171-UDMFD,0,0,32,0,1,0.8703703703703703,0.12962962962962962,0
765,5010-IPEAQ,0,0,67,1,0,0.9739696312364425,0.026030368763557483,0
766,6916-HIJSE,0,0,65,1,0,0.9739696312364425,0.026030368763557483,0
767,0111-KLBQG,1,0,32,0,1,0.6666666666666666,0.3333333333333333,0
768,0142-GVYSN,0,1,26,0,1,0.8840579710144928,0.11594202898550725,0
769,1624-NALOJ,1,1,5,0,1,0.3558648111332008,0.6441351888667992,1
770,2962-XPMCQ,0,1,2,0,1,0.42718446601941745,0.5728155339805825,1
771,9249-FXSCK,1,0,52,0,0,0.8365384615384616,0.16346153846153846,0
772,1641-RQDAY,1,1,32,0,1,0.501779359430605,0.498220640569395,0
773,6670-MFRPK,1,0,69,1,0,0.9739696312364425,0.026030368763557483,0
774,7549-MYGPK,1,1,63,0,1,0.72,0.28,0
775,1089-XZWHH,0,0,24,1,0,0.9739696312364425,0.026030368763557483,0
776,0621-JFHOL,0,0,10,1,0,0.9739696312364425,0.026030368763557483,0
777,0679-IDSTG,1,1,1,0,1,0.112,0.888,1
778,6024-RUGGH,0,0,72,1,0,0.9739696312364425,0.026030368763557483,0
779,3261-CQXOL,0,0,71,1,0,0.9739696312364425,0.026030368763557483,0
780,8976-OQHGT,0,0,4,0,1,0.8703703703703703,0.12962962962962962,0
781,6838-HVLXG,0,0,12,0,1,0.8703703703703703,0.12962962962962962,0
782,3584-WKTTW,1,1,51,0,0,0.7037037037037037,0.2962962962962963,0
783,1493-AMTIE,0,0,1,0,1,0.6286919831223629,0.37130801687763715,0
784,8970-ANWXO,0,0,23,0,0,0.9284332688588007,0.07156673114119923,0
785,4360-PNRQB,1,0,18,0,1,0.6666666666666666,0.3333333333333333,0
786,5669-SRAIP,0,1,5,0,1,0.640625,0.359375,0
787,8931-GJJIQ,1,1,9,0,1,0.3558648111332008,0.6441351888667992,1
788,1060-ENTOF,1,0,67,0,0,0.8365384615384616,0.16346153846153846,0
789,8417-GSODA,1,0,28,0,0,0.8365384615384616,0.16346153846153846,0
790,0121-SNYRK,0,0,50,0,0,0.9284332688588007,0.07156673114119923,0
791,3908-BLSYF,1,1,6,0,1,0.3558648111332008,0.6441351888667992,1
792,6942-LBFDP,0,0,2,0,1,0.6286919831223629,0.37130801687763715,0
793,5519-YLDGW,1,1,21,0,1,0.501779359430605,0.498220640569395,0
794,7115-IRDHS,0,0,72,1,0,0.9739696312364425,0.026030368763557483,0
795,4690-LLKUA,0,1,17,0,1,0.640625,0.359375,0
796,1363-TXLSL,1,1,1,0,1,0.112,0.888,1
797,4236-XPXAV,1,0,5,0,1,0.3558648111332008,0.6441351888667992,1
798,4929-XIHVW,1,0,2,0,1,0.3558648111332008,0.6441351888667992,1
799,8606-CIQUL,1,0,72,1,0,0.9739696312364425,0.026030368763557483,0
800,1231-YNDEK,0,0,58,1,0,0.9739696312364425,0.026030368763557483,0
801,5136-GFPMB,1,0,54,0,1,0.9245283018867925,0.07547169811320754,0
802,6447-GORXK,0,0,31,0,1,0.8703703703703703,0.12962962962962962,0
803,1910-FMXJM,1,1,36,0,1,0.501779359430605,0.498220640569395,0
804,2135-DQWAQ,1,0,5,0,1,0.3558648111332008,0.6441351888667992,1
805,2279-AXJJK,1,0,52,0,1,0.9245283018867925,0.07547169811320754,0
806,3704-IEAXF,0,0,72,1,0,0.9739696312364425,0.026030368763557483,0
807,1686-STUHN,0,0,42,0,0,0.9284332688588007,0.07156673114119923,0
808,6682-QJDGB,0,0,40,0,1,0.8703703703703703,0.12962962962962962,0
809,3948-XHGNA,0,0,24,0,1,0.8703703703703703,0.12962962962962962,0
810,9289-LBQVU,0,0,64,0,0,0.9284332688588007,0.07156673114119923,0
811,6726-WEXXK,1,1,27,0,0,0.7037037037037037,0.2962962962962963,0
812,7779-ORAEL,0,0,45,1,0,0.9739696312364425,0.026030368763557483,0
813,4468-KAZHE,0,1,20,0,1,0.640625,0.359375,0
814,5844-QVTAT,0,0,33,0,0,0.9284332688588007,0.07156673114119923,0
815,8383-SGHJU,0,1,33,0,0,0.9284332688588007,0.07156673114119923,0
816,9451-WLYRI,0,0,53,0,0,0.9284332688588007,0.07156673114119923,0
817,0147-ESWWR,1,1,39,0,1,0.501779359430605,0.498220640569395,0
818,6292-TOSSS,0,0,50,1,0,0.9739696312364425,0.026030368763557483,0
819,1013-QCWAM,1,1,66,0,1,0.72,0.28,0
820,4468-YDOVK,0,0,5,0,1,0.8703703703703703,0.12962962962962962,0
821,7047-FWEYA,1,1,46,0,0,0.7037037037037037,0.2962962962962963,0
822,6559-RAKOZ,1,1,49,0,0,0.7037037037037037,0.2962962962962963,0
823,8974-OVACP,0,0,1,0,1,0.6286919831223629,0.37130801687763715,0
824,4585-HETAI,1,1,4,0,1,0.3558648111332008,0.6441351888667992,1
825,1091-SOZGA,1,0,56,0,0,0.8365384615384616,0.16346153846153846,0
826,4940-KHCWD,0,0,60,1,0,0.9739696312364425,0.026030368763557483,0
827,9242-TKFSV,0,0,72,1,0,0.9739696312364425,0.026030368763557483,0
828,7017-VFHAY,1,0,61,1,0,0.9739696312364425,0.026030368763557483,0
829,6339-YPSAH,1,1,9,0,1,0.3558648111332008,0.6441351888667992,1
830,9489-UTFKA,0,0,8,0,1,0.8703703703703703,0.12962962962962962,0
831,0015-UOCOJ,0,1,7,0,1,0.640625,0.359375,0
832,7856-GANIL,1,0,45,0,0,0.8365384615384616,0.16346153846153846,0
833,2576-HXMPA,0,0,1,0,1,0.6286919831223629,0.37130801687763715,0
834,9339-FIIJL,0,0,72,1,0,0.9739696312364425,0.026030368763557483,0
835,9770-KXGQU,1,0,53,0,0,0.8365384615384616,0.16346153846153846,0
836,2320-TZRRH,0,0,20,0,0,0.9284332688588007,0.07156673114119923,0
837,8990-YOZLV,0,0,69,1,0,0.9739696312364425,0.026030368763557483,0
838,5204-QZXPU,0,1,19,0,1,0.640625,0.359375,0
839,0750-EKNGL,0,0,7,0,1,0.8703703703703703,0.12962962962962962,0
840,9601-BRXPO,1,0,25,0,1,0.6666666666666666,0.3333333333333333,0
841,4536-PLEQY,1,0,12,0,1,0.3558648111332008,0.6441351888667992,1
842,0281-CNTZX,0,0,63,1,0,0.9739696312364425,0.026030368763557483,0
843,7852-LECYP,1,0,13,0,1,0.3558648111332008,0.6441351888667992,1
844,1746-TGTWV,1,0,1,0,1,0.112,0.888,1
845,8878-HMWBV,0,1,3,0,1,0.42718446601941745,0.5728155339805825,1
846,2296-DKZFP,0,0,65,1,0,0.9739696312364425,0.026030368763557483,0
847,0067-DKWBL,0,1,2,0,1,0.42718446601941745,0.5728155339805825,1
848,8871-JLMHM,1,0,68,1,0,0.9739696312364425,0.026030368763557483,0
849,4189-NAKJS,0,0,26,0,0,0.9284332688588007,0.07156673114119923,0
850,7138-GIRSH,0,0,50,1,0,0.9739696312364425,0.026030368763557483,0
851,2718-GAXQD,0,1,4,0,1,0.640625,0.359375,0
852,4819-HJPIW,0,0,18,0,1,0.8703703703703703,0.12962962962962962,0
853,5550-VFRLC,1,1,1,0,1,0.112,0.888,1
854,2604-XVDAM,0,0,12,0,1,0.8703703703703703,0.12962962962962962,0
855,4785-FCIFB,0,0,61,1,0,0.9739696312364425,0.026030368763557483,0
856,3556-BVQGL,0,0,20,0,0,0.9284332688588007,0.07156673114119923,0
857,6704-UTUKK,0,1,29,0,1,0.8840579710144928,0.11594202898550725,0
858,2720-FVBQP,0,0,6,0,1,0.8703703703703703,0.12962962962962962,0
859,5502-RLUYV,1,1,69,0,1,0.72,0.28,0
860,7909-FIOIY,0,0,19,0,1,0.8703703703703703,0.12962962962962962,0
861,4342-HFXWS,0,0,48,0,0,0.9284332688588007,0.07156673114119923,0
862,5673-FSSMF,0,1,1,0,1,0.42718446601941745,0.5728155339805825,1
863,5183-KLYEM,1,0,72,1,0,0.9739696312364425,0.026030368763557483,0
864,5003-OKNNK,0,0,15,0,0,0.9284332688588007,0.07156673114119923,0
865,3604-WLABM,0,1,10,0,1,0.640625,0.359375,0
866,0301-FIDRB,0,0,72,1,0,0.9739696312364425,0.026030368763557483,0
867,6439-PKTRR,0,1,70,1,0,0.9739696312364425,0.026030368763557483,0
868,4829-ZLJTK,1,1,72,1,0,0.9739696312364425,0.026030368763557483,0
869,9747-DDZOS,1,0,1,0,1,0.112,0.888,1
870,0266-GMEAO,1,0,72,1,0,0.9739696312364425,0.026030368763557483,0
871,8854-CCVSQ,1,1,18,0,1,0.501779359430605,0.498220640569395,0
872,8938-UMKPI,1,1,47,0,1,0.501779359430605,0.498220640569395,0
873,8957-THMOA,0,0,50,1,0,0.9739696312364425,0.026030368763557483,0
874,2169-RRLFW,0,0,71,1,0,0.9739696312364425,0.026030368763557483,0
875,4001-TSBTV,1,1,58,0,1,0.72,0.28,0
876,8565-CLBZW,1,0,24,0,1,0.6666666666666666,0.3333333333333333,0
877,6941-KXRRV,0,0,48,0,0,0.9284332688588007,0.07156673114119923,0
878,3192-NQECA,1,0,68,1,0,0.9739696312364425,0.026030368763557483,0
879,4824-GUCBY,1,1,22,0,1,0.501779359430605,0.498220640569395,0
880,9931-KGHOA,0,0,46,0,1,0.8703703703703703,0.12962962962962962,0
881,2898-LSJGD,0,1,21,0,0,0.9284332688588007,0.07156673114119923,0
882,8816-VXNZD,1,1,1,0,1,0.112,0.888,1
883,1345-GKDZZ,0,0,6,0,1,0.8703703703703703,0.12962962962962962,0
884,9415-TPKRV,0,1,8,0,1,0.640625,0.359375,0
885,0823-HSCDJ,0,1,52,0,1,0.8840579710144928,0.11594202898550725,0
886,0697-ZMSWS,1,1,4,0,1,0.3558648111332008,0.6441351888667992,1
887,9526-BIHHD,0,0,1,0,1,0.6286919831223629,0.37130801687763715,0
888,7218-HKQFK,1,1,2,0,1,0.3558648111332008,0.6441351888667992,1
889,2995-YWTCD,0,0,19,1,0,0.9739696312364425,0.026030368763557483,0
890,3132-TVFDZ,0,1,57,0,1,0.8840579710144928,0.11594202898550725,0
891,4003-FUSHP,0,0,19,0,1,0.8703703703703703,0.12962962962962962,0
892,1221-GHZEP,0,0,62,1,0,0.9739696312364425,0.026030368763557483,0
893,1761-AEZZR,1,1,1,0,1,0.112,0.888,1
894,5276-KQWHG,1,1,2,0,1,0.3558648111332008,0.6441351888667992,1
895,5981-ITEMU,1,0,40,0,1,0.6666666666666666,0.3333333333333333,0
896,4718-DHSMV,0,0,11,0,1,0.8703703703703703,0.12962962962962962,0
897,1104-FEJAM,0,1,28,0,1,0.8840579710144928,0.11594202898550725,0
898,8714-EUHJO,1,1,31,0,1,0.501779359430605,0.498220640569395,0
899,6005-OBZPH,1,1,26,0,1,0.501779359430605,0.498220640569395,0
900,1027-LKKQQ,0,0,72,1,0,0.9739696312364425,0.026030368763557483,0
901,1090-ESELR,1,0,72,1,0,0.9739696312364425,0.026030368763557483,0
902,8231-BSWXX,1,0,71,0,0,0.8365384615384616,0.16346153846153846,0
903,2709-UQGNP,0,0,10,0,1,0.8703703703703703,0.12962962962962962,0
904,6469-MRVET,0,1,1,0,0,0.9284332688588007,0.07156673114119923,0
905,2737-YNGYW,1,1,2,0,1,0.3558648111332008,0.6441351888667992,1
906,2189-WWOEW,1,0,15,0,1,0.3558648111332008,0.6441351888667992,1
907,2434-EEVDB,1,0,64,1,0,0.9739696312364425,0.026030368763557483,0
908,0959-WHOKV,1,1,42,0,0,0.7037037037037037,0.2962962962962963,0
909,1708-PBBOA,0,1,42,0,0,0.9284332688588007,0.07156673114119923,0
910,0487-VVUVK,0,0,25,0,1,0.8703703703703703,0.12962962962962962,0
911,6376-GAHQE,1,1,4,0,1,0.3558648111332008,0.6441351888667992,1
912,4973-RLZVI,0,0,30,0,0,0.9284332688588007,0.07156673114119923,0
913,2482-CZGBB,1,1,10,0,1,0.3558648111332008,0.6441351888667992,1
914,4616-ULAOA,1,0,65,1,0,0.9739696312364425,0.026030368763557483,0
915,7074-STDCN,0,1,39,0,1,0.8840579710144928,0.11594202898550725,0
916,2858-MOFSQ,0,0,17,0,0,0.9284332688588007,0.07156673114119923,0
917,1104-TNLZA,1,1,28,0,1,0.501779359430605,0.498220640569395,0
918,8393-DLHGA,1,1,25,0,1,0.501779359430605,0.498220640569395,0
919,0327-WFZSY,1,1,39,0,0,0.7037037037037037,0.2962962962962963,0
920,5954-BDFSG,1,0,72,1,0,0.9739696312364425,0.026030368763557483,0
921,4797-AXPXK,0,1,1,0,1,0.42718446601941745,0.5728155339805825,1
922,4283-FUTGF,1,1,19,0,1,0.501779359430605,0.498220640569395,0
923,0702-PGIBZ,1,1,4,0,1,0.3558648111332008,0.6441351888667992,1
924,7940-UQQUG,1,0,64,0,0,0.8365384615384616,0.16346153846153846,0
925,7570-WELNY,1,0,68,1,0,0.9739696312364425,0.026030368763557483,0
926,6172-FECYY,1,1,49,0,1,0.501779359430605,0.498220640569395,0
927,3842-QTGDL,1,0,16,0,1,0.3558648111332008,0.6441351888667992,1
928,5651-WYIPH,0,0,18,0,1,0.8703703703703703,0.12962962962962962,0
929,6383-ZTSIW,1,0,39,0,0,0.8365384615384616,0.16346153846153846,0
930,2017-CCBLH,0,0,8,1,0,0.9739696312364425,0.026030368763557483,0
931,9928-BZVLZ,0,0,12,1,0,0.9739696312364425,0.026030368763557483,0
932,1684-FLBGS,0,0,23,0,1,0.8703703703703703,0.12962962962962962,0
933,5996-DAOQL,0,0,1,0,1,0.6286919831223629,0.37130801687763715,0
934,5154-VEKBL,0,0,9,0,1,0.8703703703703703,0.12962962962962962,0
935,6685-GBWJZ,0,0,63,0,0,0.9284332688588007,0.07156673114119923,0
936,4631-OACRM,1,1,15,0,1,0.3558648111332008,0.6441351888667992,1
937,7799-DSEWS,0,1,18,0,1,0.640625,0.359375,0
938,4619-EVPHY,1,0,20,0,0,0.8365384615384616,0.16346153846153846,0
939,8016-ZMGMO,0,0,66,0,0,0.9284332688588007,0.07156673114119923,0
940,3336-JORSO,1,1,33,0,1,0.501779359430605,0.498220640569395,0
941,8414-OOEEL,0,0,66,1,0,0.9739696312364425,0.026030368763557483,0
942,9174-FKWZE,0,1,1,0,1,0.42718446601941745,0.5728155339805825,1
943,8434-PNQZX,0,0,42,1,0,0.9739696312364425,0.026030368763557483,0
944,9067-SQTNS,0,0,44,0,0,0.9284332688588007,0.07156673114119923,0
945,2023-VQFDL,0,1,18,0,1,0.640625,0.359375,0
946,4393-OBCRR,0,0,3,0,0,0.9284332688588007,0.07156673114119923,0
947,1053-MXTTK,1,0,72,1,0,0.9739696312364425,0.026030368763557483,0
948,5816-JMLGY,0,0,70,1,0,0.9739696312364425,0.026030368763557483,0
949,7233-PAHHL,0,0,66,1,0,0.9739696312364425,0.026030368763557483,0
950,1771-OADNZ,1,1,29,0,1,0.501779359430605,0.498220640569395,0
951,8561-NMTBD,1,0,67,0,0,0.8365384615384616,0.16346153846153846,0
952,2120-SMPEX,0,0,25,0,1,0.8703703703703703,0.12962962962962962,0
953,2203-GHNWN,1,0,24,0,1,0.6666666666666666,0.3333333333333333,0
954,2302-ANTDP,1,1,48,0,1,0.501779359430605,0.498220640569395,0
955,2030-BTZRO,0,0,6,1,0,0.9739696312364425,0.026030368763557483,0
956,7198-GLXTC,1,1,2,0,1,0.3558648111332008,0.6441351888667992,1
957,3521-SYVOR,0,1,37,0,1,0.8840579710144928,0.11594202898550725,0
958,4803-AXVYP,1,1,38,0,1,0.501779359430605,0.498220640569395,0
959,9548-LIGTA,0,0,61,1,0,0.9739696312364425,0.026030368763557483,0
960,2535-PBCGC,0,0,70,1,0,0.9739696312364425,0.026030368763557483,0
961,8224-DWCKX,1,0,12,0,1,0.3558648111332008,0.6441351888667992,1
962,4729-XKASR,0,1,1,0,1,0.42718446601941745,0.5728155339805825,1
963,1024-KPRBB,1,0,38,0,0,0.8365384615384616,0.16346153846153846,0
964,8601-QACRS,0,0,5,0,1,0.8703703703703703,0.12962962962962962,0
965,8272-ONJLV,1,1,12,0,0,0.7037037037037037,0.2962962962962963,0
966,5099-BAILX,1,0,43,0,1,0.6666666666666666,0.3333333333333333,0
967,9474-PHLYD,0,1,15,0,1,0.640625,0.359375,0
968,8441-SHIPE,0,0,67,1,0,0.9739696312364425,0.026030368763557483,0
969,7248-VZQLC,1,0,47,0,1,0.6666666666666666,0.3333333333333333,0
970,1004-NOZNR,1,0,56,0,0,0.8365384615384616,0.16346153846153846,0
971,6253-WRFHY,0,1,13,0,0,0.9284332688588007,0.07156673114119923,0
972,2335-GSODA,0,0,23,1,0,0.9739696312364425,0.026030368763557483,0
973,4226-KKDON,0,1,8,0,1,0.640625,0.359375,0
974,9399-APLBT,1,1,1,0,1,0.112,0.888,1
975,4951-UKAAQ,1,1,4,0,1,0.3558648111332008,0.6441351888667992,1
976,6784-XYJAE,0,1,36,0,0,0.9284332688588007,0.07156673114119923,0
977,3007-FDPEA,0,0,2,0,1,0.6286919831223629,0.37130801687763715,0
978,1760-CAZHT,0,0,25,0,1,0.8703703703703703,0.12962962962962962,0
979,3865-ZFZIB,0,0,19,1,0,0.9739696312364425,0.026030368763557483,0
980,8705-DWKTI,1,0,52,0,1,0.9245283018867925,0.07547169811320754,0
981,1545-JFUML,1,1,71,1,0,0.9739696312364425,0.026030368763557483,0
982,4825-XJGDM,0,0,61,0,0,0.9284332688588007,0.07156673114119923,0
983,5366-IJEQJ,1,1,20,0,1,0.501779359430605,0.498220640569395,0
984,4366-CTOUZ,1,0,50,1,0,0.9739696312364425,0.026030368763557483,0
985,0201-MIBOL,1,0,66,1,0,0.9739696312364425,0.026030368763557483,0
986,8929-KSWIH,1,0,25,1,0,0.9739696312364425,0.026030368763557483,0
987,4831-EOBFE,1,0,29,0,1,0.6666666666666666,0.3333333333333333,0
988,2848-YXSMW,0,0,72,1,0,0.9739696312364425,0.026030368763557483,0
989,2057-BOYKM,1,0,72,1,0,0.9739696312364425,0.026030368763557483,0
990,6142-VSJQO,0,0,1,0,1,0.6286919831223629,0.37130801687763715,0
991,4922-CVPDX,0,0,26,1,0,0.9739696312364425,0.026030368763557483,0
992,8717-VCTXJ,0,0,42,0,0,0.9284332688588007,0.07156673114119923,0
993,7395-XWZOY,0,0,20,0,1,0.8703703703703703,0.12962962962962962,0
994,1552-AAGRX,1,0,30,0,1,0.6666666666666666,0.3333333333333333,0
995,1402-PTHGN,0,0,18,0,0,0.9284332688588007,0.07156673114119923,0
996,6510-UPNKS,0,0,23,0,0,0.9284332688588007,0.07156673114119923,0
997,5156-UMKOW,0,0,3,0,1,0.6286919831223629,0.37130801687763715,0
998,7677-SJJJK,0,0,8,0,0,0.9284332688588007,0.07156673114119923,0
999,8128-YVJRG,1,0,7,0,1,0.3558648111332008,0.6441351888667992,1
1000,7564-GHCVB,1,0,72,1,0,0.9739696312364425,0.026030368763557483,0
1001,6204-IEUXJ,1,0,3,0,1,0.3558648111332008,0.6441351888667992,1
1002,6380-ARCEH,0,0,1,0,1,0.6286919831223629,0.37130801687763715,0
1003,2359-KMGLI,1,1,24,0,1,0.501779359430605,0.498220640569395,0
1004,8294-UIMBA,1,0,30,0,0,0.8365384615384616,0.16346153846153846,0
1005,0795-XCCTE,0,0,72,1,0,0.9739696312364425,0.026030368763557483,0
1006,6048-QBXKL,0,0,2,0,1,0.6286919831223629,0.37130801687763715,0
1007,8670-MEFCP,0,0,36,1,0,0.9739696312364425,0.026030368763557483,0
1008,5325-UWTWJ,1,0,31,0,1,0.6666666666666666,0.3333333333333333,0
1009,0618-XWMSS,1,0,28,0,1,0.6666666666666666,0.3333333333333333,0
1010,4373-VVHQL,0,1,1,0,1,0.42718446601941745,0.5728155339805825,1
1011,4522-XRWWI,0,0,42,0,0,0.9284332688588007,0.07156673114119923,0
1012,7693-QPEFS,1,0,52,0,1,0.9245283018867925,0.07547169811320754,0
1013,1154-HYWWO,0,0,38,0,0,0.9284332688588007,0.07156673114119923,0
1014,5858-EAFCZ,0,0,1,0,1,0.6286919831223629,0.37130801687763715,0
1015,2674-MLXMN,1,0,71,0,1,0.9245283018867925,0.07547169811320754,0
1016,4801-JZAZL,0,1,11,0,1,0.640625,0.359375,0
1017,6483-OATDN,0,0,8,0,1,0.8703703703703703,0.12962962962962962,0
1018,9644-UMGQA,0,1,6,0,1,0.640625,0.359375,0
1019,1552-CZCLL,0,0,55,0,1,0.8703703703703703,0.12962962962962962,0
1020,7813-ZGGAW,1,0,31,0,1,0.6666666666666666,0.3333333333333333,0
1021,6773-LQTVT,0,0,29,0,1,0.8703703703703703,0.12962962962962962,0
1022,5989-OMNJE,0,1,24,0,0,0.9284332688588007,0.07156673114119923,0
1023,0699-NDKJM,0,0,57,0,1,0.8703703703703703,0.12962962962962962,0
1024,1226-JZNKR,0,1,8,0,0,0.9284332688588007,0.07156673114119923,0
1025,1628-BIZYP,1,1,1,0,1,0.112,0.888,1
1026,6549-YMFAW,0,0,9,0,1,0.8703703703703703,0.12962962962962962,0
1027,8029-XYPWT,1,0,71,1,0,0.9739696312364425,0.026030368763557483,0
1028,3572-UOLYZ,1,0,46,0,1,0.6666666666666666,0.3333333333333333,0
1029,3982-DQLUS,1,1,65,0,1,0.72,0.28,0
1030,4146-SVFUD,0,0,1,0,1,0.6286919831223629,0.37130801687763715,0
1031,1585-MQSSU,0,0,17,0,1,0.8703703703703703,0.12962962962962962,0
1032,0533-UCAAU,0,0,57,0,0,0.9284332688588007,0.07156673114119923,0
1033,2178-PMGCJ,1,0,22,0,1,0.6666666666666666,0.3333333333333333,0
1034,6168-WFVVF,1,1,3,0,1,0.3558648111332008,0.6441351888667992,1
1035,9133-AYJZG,1,0,23,0,1,0.6666666666666666,0.3333333333333333,0
1036,1564-HJUVY,0,0,4,0,1,0.8703703703703703,0.12962962962962962,0
1037,6633-SYEUS,1,0,23,0,1,0.6666666666666666,0.3333333333333333,0
1038,6608-QQLVK,0,1,1,0,1,0.42718446601941745,0.5728155339805825,1
1039,1697-NVVGY,0,0,19,0,1,0.8703703703703703,0.12962962962962962,0
1040,9831-BPFRI,1,1,39,0,0,0.7037037037037037,0.2962962962962963,0
1041,6901-GOGZG,0,1,60,1,0,0.9739696312364425,0.026030368763557483,0
1042,2146-EGVDT,0,0,59,1,0,0.9739696312364425,0.026030368763557483,0
1043,7901-TBKJX,1,1,56,0,1,0.72,0.28,0
1044,1755-RMCXH,0,0,2,0,1,0.6286919831223629,0.37130801687763715,0
1045,5968-XQIVE,1,1,72,0,0,0.7037037037037037,0.2962962962962963,0
1046,6695-AMZUF,0,0,70,1,0,0.9739696312364425,0.026030368763557483,0
1047,5804-LEPIM,1,1,2,0,1,0.3558648111332008,0.6441351888667992,1
1048,2181-UAESM,0,1,2,0,1,0.42718446601941745,0.5728155339805825,1
1049,3550-SAHFP,1,1,33,0,1,0.501779359430605,0.498220640569395,0
1050,0734-OXWBT,0,0,3,0,1,0.6286919831223629,0.37130801687763715,0
1051,0794-YVSGE,0,0,72,1,0,0.9739696312364425,0.026030368763557483,0
1052,1629-DQQVB,0,0,14,0,1,0.8703703703703703,0.12962962962962962,0
1053,3138-BKYAV,1,1,6,0,1,0.3558648111332008,0.6441351888667992,1
1054,8207-DMRVL,1,0,72,1,0,0.9739696312364425,0.026030368763557483,0
1055,1779-PWPMG,1,0,72,1,0,0.9739696312364425,0.026030368763557483,0
1056,5119-NZPTV,1,1,2,0,1,0.3558648111332008,0.6441351888667992,1
1057,6551-ZCOTS,0,0,33,0,0,0.9284332688588007,0.07156673114119923,0
1058,8950-MTZNV,0,0,1,0,1,0.6286919831223629,0.37130801687763715,0
1059,9809-IMGCQ,1,1,22,0,1,0.501779359430605,0.498220640569395,0
1060,7743-EXURX,0,1,8,0,1,0.640625,0.359375,0
1061,7675-OZCZG,0,1,3,0,1,0.42718446601941745,0.5728155339805825,1
1062,7020-OZKXZ,1,0,9,0,1,0.3558648111332008,0.6441351888667992,1
1063,2621-UDNLU,0,0,3,0,1,0.6286919831223629,0.37130801687763715,0
1064,9146-JRIOX,0,0,14,0,1,0.8703703703703703,0.12962962962962962,0
1065,3806-YAZOV,0,0,3,0,1,0.6286919831223629,0.37130801687763715,0
1066,8908-SLFCJ,0,0,21,1,0,0.9739696312364425,0.026030368763557483,0
1067,2754-VDLTR,1,1,10,0,1,0.3558648111332008,0.6441351888667992,1
1068,7459-IMVYU,0,1,38,0,1,0.8840579710144928,0.11594202898550725,0
1069,6997-UVGOX,0,0,71,1,0,0.9739696312364425,0.026030368763557483,0
1070,1830-GGFNM,1,0,65,1,0,0.9739696312364425,0.026030368763557483,0
1071,0973-KYVNF,0,0,72,1,0,0.9739696312364425,0.026030368763557483,0
1072,6474-FVJLC,1,1,2,0,1,0.3558648111332008,0.6441351888667992,1
1073,1421-HCERK,1,0,30,0,1,0.6666666666666666,0.3333333333333333,0
1074,6211-WHMYA,0,1,64,0,1,0.8840579710144928,0.11594202898550725,0
1075,5173-ZXXXL,0,0,2,0,0,0.9284332688588007,0.07156673114119923,0
1076,0048-PIHNL,0,0,49,0,0,0.9284332688588007,0.07156673114119923,0
1077,4786-UKSNZ,0,0,1,0,1,0.6286919831223629,0.37130801687763715,0
1078,7338-ERIVA,0,0,39,0,0,0.9284332688588007,0.07156673114119923,0
1079,3045-XETSH,1,1,10,0,1,0.3558648111332008,0.6441351888667992,1
1080,6614-VBEGU,0,0,24,0,1,0.8703703703703703,0.12962962962962962,0
1081,5196-WPYOW,0,0,67,0,0,0.9284332688588007,0.07156673114119923,0
1082,3580-REOAC,0,0,10,0,1,0.8703703703703703,0.12962962962962962,0
1083,8993-PHFWD,0,1,3,0,1,0.42718446601941745,0.5728155339805825,1
1084,4851-BQDNX,1,1,40,0,0,0.7037037037037037,0.2962962962962963,0
1085,5569-OUICF,1,0,28,0,1,0.6666666666666666,0.3333333333333333,0
1086,1271-SJBGZ,0,1,12,0,1,0.640625,0.359375,0
1087,0970-QXPXW,0,0,1,0,1,0.6286919831223629,0.37130801687763715,0
1088,2519-TWKFS,0,0,25,0,0,0.9284332688588007,0.07156673114119923,0
1089,4238-HFHSN,1,1,61,0,1,0.72,0.28,0
1090,9281-PKKZE,0,1,46,0,1,0.8840579710144928,0.11594202898550725,0
1091,9618-LFJRU,0,0,4,0,1,0.8703703703703703,0.12962962962962962,0
1092,6752-APNJL,0,0,42,0,1,0.8703703703703703,0.12962962962962962,0
1093,2885-HIJDH,0,0,69,1,0,0.9739696312364425,0.026030368763557483,0
1094,6551-VLJMV,0,0,34,1,0,0.9739696312364425,0.026030368763557483,0
1095,2087-QAREY,0,0,22,0,1,0.8703703703703703,0.12962962962962962,0
1096,5176-LMJXE,0,0,47,1,0,0.9739696312364425,0.026030368763557483,0
1097,6087-YPWHO,0,0,72,1,0,0.9739696312364425,0.026030368763557483,0
1098,1010-DIAUQ,1,0,5,0,1,0.3558648111332008,0.6441351888667992,1
1099,8364-TRMMK,0,0,3,0,1,0.6286919831223629,0.37130801687763715,0
1100,6094-ZIVKX,0,0,68,0,0,0.9284332688588007,0.07156673114119923,0
1101,9199-PWQVC,0,0,63,0,0,0.9284332688588007,0.07156673114119923,0
1102,3096-JRDSO,1,0,27,0,1,0.6666666666666666,0.3333333333333333,0
1103,4195-PNGZS,0,0,69,1,0,0.9739696312364425,0.026030368763557483,0
1104,5549-ZGHFB,0,0,50,1,0,0.9739696312364425,0.026030368763557483,0
1105,9971-ZWPBF,1,1,34,0,1,0.501779359430605,0.498220640569395,0
1106,2972-YDYUW,1,1,57,0,0,0.7037037037037037,0.2962962962962963,0
1107,6578-KRMAW,1,0,32,0,1,0.6666666666666666,0.3333333333333333,0
1108,4194-FJARJ,0,0,54,1,0,0.9739696312364425,0.026030368763557483,0
1109,9873-MNDKV,0,0,11,0,1,0.8703703703703703,0.12962962962962962,0
1110,2569-WGERO,0,0,72,1,0,0.9739696312364425,0.026030368763557483,0
1111,3748-FVMZZ,0,1,4,0,1,0.640625,0.359375,0
1112,1905-OEILC,0,0,1,0,1,0.6286919831223629,0.37130801687763715,0
1113,7353-YOWFP,0,0,7,0,0,0.9284332688588007,0.07156673114119923,0
1114,3689-MOZGR,0,1,29,0,1,0.8840579710144928,0.11594202898550725,0
1115,4081-DYXAV,0,0,19,0,0,0.9284332688588007,0.07156673114119923,0
1116,9614-RMGHA,1,0,65,0,1,0.9245283018867925,0.07547169811320754,0
1117,4423-YLHDV,1,0,21,0,1,0.6666666666666666,0.3333333333333333,0
1118,9560-BBZXK,0,0,36,1,0,0.9739696312364425,0.026030368763557483,0
1119,5180-UCIIQ,0,0,22,0,1,0.8703703703703703,0.12962962962962962,0
1120,5134-IKDAY,1,1,1,0,1,0.112,0.888,1
1121,6968-GMKPR,1,1,55,0,1,0.72,0.28,0
1122,0516-OOHAR,1,0,28,0,0,0.8365384615384616,0.16346153846153846,0
1123,3841-NFECX,1,0,71,1,0,0.9739696312364425,0.026030368763557483,0
1124,7036-TYDEC,1,1,69,1,0,0.9739696312364425,0.026030368763557483,0
1125,8868-WOZGU,1,1,28,0,1,0.501779359430605,0.498220640569395,0
1126,0374-AACSZ,0,1,1,0,1,0.42718446601941745,0.5728155339805825,1
1127,4193-IBKSW,0,0,72,1,0,0.9739696312364425,0.026030368763557483,0
1128,8969-PRHFK,0,0,18,0,0,0.9284332688588007,0.07156673114119923,0
1129,9184-GALIL,0,0,38,0,1,0.8703703703703703,0.12962962962962962,0
1130,4273-MBHYA,1,1,1,0,1,0.112,0.888,1
1131,7379-FNIUJ,1,1,2,0,1,0.3558648111332008,0.6441351888667992,1
1132,5394-MEITZ,0,0,60,1,0,0.9739696312364425,0.026030368763557483,0
1133,3234-VKACU,0,1,2,0,1,0.42718446601941745,0.5728155339805825,1
1134,5726-CVNYA,0,0,8,1,0,0.9739696312364425,0.026030368763557483,0
1135,8099-MZPUJ,1,0,48,1,0,0.9739696312364425,0.026030368763557483,0
1136,2773-OVBPK,1,0,67,1,0,0.9739696312364425,0.026030368763557483,0
1137,9576-ANLXO,1,0,3,0,1,0.3558648111332008,0.6441351888667992,1
1138,6286-ZHAOK,0,0,20,0,1,0.8703703703703703,0.12962962962962962,0
1139,0052-YNYOT,0,1,67,0,0,0.9284332688588007,0.07156673114119923,0
1140,6680-NENYN,1,1,43,1,0,0.9739696312364425,0.026030368763557483,0
1141,3283-WCWXT,0,0,6,1,0,0.9739696312364425,0.026030368763557483,0
1142,0876-WDUUZ,1,0,5,0,1,0.3558648111332008,0.6441351888667992,1
1143,3938-YFPXD,0,0,72,1,0,0.9739696312364425,0.026030368763557483,0
1144,1087-UDSIH,0,0,3,0,1,0.6286919831223629,0.37130801687763715,0
1145,4187-CINZD,1,0,46,0,0,0.8365384615384616,0.16346153846153846,0
1146,0459-SPZHJ,0,0,63,1,0,0.9739696312364425,0.026030368763557483,0
1147,0842-IWYCP,0,0,46,0,1,0.8703703703703703,0.12962962962962962,0
1148,9661-JALZV,0,0,58,1,0,0.9739696312364425,0.026030368763557483,0
1149,4177-JPDFU,0,0,12,0,1,0.8703703703703703,0.12962962962962962,0
1150,2996-XAUVF,0,0,70,1,0,0.9739696312364425,0.026030368763557483,0
1151,9705-IOVQQ,1,1,61,0,0,0.7037037037037037,0.2962962962962963,0
1152,6581-NQCBA,0,1,16,0,1,0.640625,0.359375,0
1153,9168-INPSZ,1,1,44,0,1,0.501779359430605,0.498220640569395,0
1154,0168-XZKBB,1,1,19,0,1,0.501779359430605,0.498220640569395,0
1155,5136-KCKGI,1,0,33,0,0,0.8365384615384616,0.16346153846153846,0
1156,5597-GLBUC,1,1,1,0,1,0.112,0.888,1
1157,4918-QLLIW,0,0,3,0,1,0.6286919831223629,0.37130801687763715,0
1158,8050-XGRVL,0,0,62,0,0,0.9284332688588007,0.07156673114119923,0
1159,4302-ZYFEL,0,0,69,0,0,0.9284332688588007,0.07156673114119923,0
1160,9000-PLFUZ,0,0,60,1,0,0.9739696312364425,0.026030368763557483,0
1161,5494-HECPR,1,1,1,0,1,0.112,0.888,1
1162,1069-QJOEE,0,1,25,0,0,0.9284332688588007,0.07156673114119923,0
1163,4458-KVRBJ,0,0,59,1,0,0.9739696312364425,0.026030368763557483,0
1164,5924-IFQTT,0,1,13,0,1,0.640625,0.359375,0
1165,7696-AMHOD,0,0,49,0,0,0.9284332688588007,0.07156673114119923,0
1166,3588-WSTTJ,1,1,35,0,1,0.501779359430605,0.498220640569395,0
1167,3500-NSDOA,0,0,68,1,0,0.9739696312364425,0.026030368763557483,0
1168,6582-PLFUU,0,0,51,1,0,0.9739696312364425,0.026030368763557483,0
1169,6047-YHPVI,1,1,5,0,1,0.3558648111332008,0.6441351888667992,1
1170,2075-RMJIK,0,0,5,0,1,0.8703703703703703,0.12962962962962962,0
1171,5175-AOBHI,0,0,4,0,1,0.8703703703703703,0.12962962962962962,0
1172,3920-HIHMQ,0,0,26,0,1,0.8703703703703703,0.12962962962962962,0
1173,3012-VFFMN,0,0,7,0,1,0.8703703703703703,0.12962962962962962,0
1174,4566-NECEV,1,1,5,0,1,0.3558648111332008,0.6441351888667992,1
1175,1474-JUWSM,0,1,58,0,0,0.9284332688588007,0.07156673114119923,0
1176,3347-YJZZE,0,0,29,0,1,0.8703703703703703,0.12962962962962962,0
1177,9867-XOBQA,0,0,21,1,0,0.9739696312364425,0.026030368763557483,0
1178,7801-KICAO,1,1,18,0,1,0.501779359430605,0.498220640569395,0
1179,6777-TGHTM,1,0,53,0,0,0.8365384615384616,0.16346153846153846,0
1180,6980-CDGFC,0,0,67,0,0,0.9284332688588007,0.07156673114119923,0
1181,0913-XWSCN,1,0,55,0,1,0.9245283018867925,0.07547169811320754,0
1182,6352-GIGGQ,0,0,67,0,0,0.9284332688588007,0.07156673114119923,0
1183,3963-RYFNS,1,0,72,1,0,0.9739696312364425,0.026030368763557483,0
1184,4154-AQUGT,1,0,13,0,1,0.3558648111332008,0.6441351888667992,1
1185,6258-NGCNG,0,0,7,0,1,0.8703703703703703,0.12962962962962962,0
1186,6741-EGCBI,1,0,30,0,1,0.6666666666666666,0.3333333333333333,0
1187,9350-ZXYJC,0,0,4,1,0,0.9739696312364425,0.026030368763557483,0
1188,9620-ENEJV,1,0,6,0,1,0.3558648111332008,0.6441351888667992,1
1189,8361-LBRDI,0,0,58,1,0,0.9739696312364425,0.026030368763557483,0
1190,0056-EPFBG,0,0,20,1,0,0.9739696312364425,0.026030368763557483,0
1191,6615-ZGEDR,0,0,1,0,1,0.6286919831223629,0.37130801687763715,0
1192,5442-XSDCW,1,0,11,0,1,0.3558648111332008,0.6441351888667992,1
1193,6374-AFWOX,0,0,46,1,0,0.9739696312364425,0.026030368763557483,0
1194,0875-CABNR,1,0,10,0,1,0.3558648111332008,0.6441351888667992,1
1195,6693-DJWTY,0,0,35,0,0,0.9284332688588007,0.07156673114119923,0
1196,5168-MSWXT,1,1,8,0,1,0.3558648111332008,0.6441351888667992,1
1197,9253-VIFJQ,0,0,65,0,0,0.9284332688588007,0.07156673114119923,0
1198,5117-IFGPS,1,1,29,0,1,0.501779359430605,0.498220640569395,0
1199,8571-ZCMCX,0,0,47,1,0,0.9739696312364425,0.026030368763557483,0
1200,0576-WNXXC,1,1,27,0,1,0.501779359430605,0.498220640569395,0
1201,7167-PCEYD,0,0,67,1,0,0.9739696312364425,0.026030368763557483,0
1202,8277-RVRSV,0,0,33,0,0,0.9284332688588007,0.07156673114119923,0
1203,7471-WNSUF,0,0,60,0,0,0.9284332688588007,0.07156673114119923,0
1204,4994-OBRSZ,0,0,14,1,0,0.9739696312364425,0.026030368763557483,0
1205,0742-MOABM,0,0,4,0,1,0.8703703703703703,0.12962962962962962,0
1206,4510-PYUSH,0,0,38,0,1,0.8703703703703703,0.12962962962962962,0
1207,2876-VBBBL,0,0,1,0,1,0.6286919831223629,0.37130801687763715,0
1208,0258-NOKBL,1,1,3,0,1,0.3558648111332008,0.6441351888667992,1
1209,5893-PYOLZ,0,0,56,1,0,0.9739696312364425,0.026030368763557483,0
1210,3866-MDTUB,0,1,2,0,1,0.42718446601941745,0.5728155339805825,1
1211,6859-RKMZJ,0,0,11,0,1,0.8703703703703703,0.12962962962962962,0
1212,6869-FGJJC,1,0,68,0,0,0.8365384615384616,0.16346153846153846,0
1213,6840-RESVB,0,0,24,0,0,0.9284332688588007,0.07156673114119923,0
1214,6341-AEVKX,1,1,62,0,0,0.7037037037037037,0.2962962962962963,0
1215,0362-RAOQO,0,0,40,1,0,0.9739696312364425,0.026030368763557483,0
1216,6319-IEJWJ,1,1,20,0,1,0.501779359430605,0.498220640569395,0
1217,7812-FZHPE,0,0,17,0,1,0.8703703703703703,0.12962962962962962,0
1218,6954-OOYZZ,0,0,18,0,1,0.8703703703703703,0.12962962962962962,0
1219,7684-XSZIY,0,0,72,1,0,0.9739696312364425,0.026030368763557483,0
1220,7346-MEDWM,1,1,59,0,1,0.72,0.28,0
1221,8318-LCNBW,0,0,35,0,0,0.9284332688588007,0.07156673114119923,0
1222,9531-NSBMR,0,0,36,0,0,0.9284332688588007,0.07156673114119923,0
1223,1376-HHBDV,0,0,30,0,1,0.8703703703703703,0.12962962962962962,0
1224,6332-FBZRI,0,0,67,0,0,0.9284332688588007,0.07156673114119923,0
1225,6114-TCFID,0,0,29,0,0,0.9284332688588007,0.07156673114119923,0
1226,2027-OAQQC,0,0,43,0,1,0.8703703703703703,0.12962962962962962,0
1227,3653-NCRDJ,0,0,43,0,0,0.9284332688588007,0.07156673114119923,0
1228,1227-UDMZR,0,0,72,1,0,0.9739696312364425,0.026030368763557483,0
1229,5118-MUEYH,1,0,48,0,1,0.6666666666666666,0.3333333333333333,0
1230,2320-SLKMB,0,0,26,0,1,0.8703703703703703,0.12962962962962962,0
1231,2811-POVEX,1,0,23,0,1,0.6666666666666666,0.3333333333333333,0
1232,7977-HXJKU,0,0,21,1,0,0.9739696312364425,0.026030368763557483,0
1233,7096-UCLNH,0,0,1,0,1,0.6286919831223629,0.37130801687763715,0
1234,1335-NTIUC,0,1,9,0,1,0.640625,0.359375,0
1235,5753-QQWPW,0,1,28,0,0,0.9284332688588007,0.07156673114119923,0
1236,1452-KIOVK,1,0,22,0,1,0.6666666666666666,0.3333333333333333,0
1237,9640-ZSLDC,0,0,53,0,0,0.9284332688588007,0.07156673114119923,0
1238,4012-ZTHBR,0,1,21,0,1,0.640625,0.359375,0
1239,8591-NXRCV,0,0,41,0,1,0.8703703703703703,0.12962962962962962,0
1240,4558-FANTW,1,1,17,0,1,0.3558648111332008,0.6441351888667992,1
1241,9643-YBLUR,0,0,9,0,1,0.8703703703703703,0.12962962962962962,0
1242,7779-LGOVN,1,1,10,0,1,0.3558648111332008,0.6441351888667992,1
1243,6504-VBLFL,0,1,55,1,0,0.9739696312364425,0.026030368763557483,0
1244,6218-KNUBD,0,1,6,0,1,0.640625,0.359375,0
1245,8818-XYFCQ,1,0,32,0,1,0.6666666666666666,0.3333333333333333,0
1246,0256-LTHVJ,1,1,28,0,1,0.501779359430605,0.498220640569395,0
1247,0946-CLJTI,1,1,58,0,1,0.72,0.28,0
1248,2840-XANRC,1,1,24,0,1,0.501779359430605,0.498220640569395,0
1249,7479-NITWS,1,0,7,0,1,0.3558648111332008,0.6441351888667992,1
1250,5644-PDMZC,1,1,2,0,1,0.3558648111332008,0.6441351888667992,1
1251,0374-IOEGQ,0,1,3,0,1,0.42718446601941745,0.5728155339805825,1
1252,5126-RCXYW,0,0,54,1,0,0.9739696312364425,0.026030368763557483,0
1253,7551-JOHTI,0,0,1,0,1,0.6286919831223629,0.37130801687763715,0
1254,0975-UYDTX,0,0,26,0,0,0.9284332688588007,0.07156673114119923,0
1255,5150-LJNSR,1,0,31,0,0,0.8365384615384616,0.16346153846153846,0
1256,4817-QRJSX,1,0,10,0,1,0.3558648111332008,0.6441351888667992,1
1257,8060-HIWJJ,0,0,64,1,0,0.9739696312364425,0.026030368763557483,0
1258,5879-HMFFH,0,0,72,1,0,0.9739696312364425,0.026030368763557483,0
1259,8404-VIOMB,0,0,66,1,0,0.9739696312364425,0.026030368763557483,0
1260,1567-DSCIC,1,1,8,0,1,0.3558648111332008,0.6441351888667992,1
1261,6497-TILVL,0,0,7,0,1,0.8703703703703703,0.12962962962962962,0
1262,9777-WJJPR,1,0,31,0,1,0.6666666666666666,0.3333333333333333,0
1263,5619-PTMIK,0,1,46,0,1,0.8840579710144928,0.11594202898550725,0
1264,8345-MVDYC,0,0,45,1,0,0.9739696312364425,0.026030368763557483,0
1265,3458-IDMFK,0,0,25,1,0,0.9739696312364425,0.026030368763557483,0
1266,8780-RSYYU,0,0,25,0,1,0.8703703703703703,0.12962962962962962,0
1267,8645-KWHJO,0,1,14,0,1,0.640625,0.359375,0
1268,3800-LYTRK,0,0,14,0,0,0.9284332688588007,0.07156673114119923,0
1269,0265-PSUAE,1,0,16,0,1,0.3558648111332008,0.6441351888667992,1
1270,5804-JMYIO,0,0,39,1,0,0.9739696312364425,0.026030368763557483,0
1271,4452-QIIEB,0,0,7,0,1,0.8703703703703703,0.12962962962962962,0
1272,5286-YHCVC,1,0,72,1,0,0.9739696312364425,0.026030368763557483,0
1273,9375-MHRRS,0,0,6,0,1,0.8703703703703703,0.12962962962962962,0
1274,0722-SVSFK,1,1,7,0,1,0.3558648111332008,0.6441351888667992,1
1275,1573-LGXBA,1,0,57,0,0,0.8365384615384616,0.16346153846153846,0
1276,9373-WSLOY,0,1,33,0,1,0.8840579710144928,0.11594202898550725,0
1277,6221-AVQYL,1,0,2,0,1,0.3558648111332008,0.6441351888667992,1
1278,5208-FVQKB,0,0,70,1,0,0.9739696312364425,0.026030368763557483,0
1279,0363-QJVFX,1,0,32,0,1,0.6666666666666666,0.3333333333333333,0
1280,7473-ZBDSN,0,0,14,1,0,0.9739696312364425,0.026030368763557483,0
1281,9919-KNPOO,1,1,21,0,1,0.501779359430605,0.498220640569395,0
1282,5375-XLDOF,1,0,69,1,0,0.9739696312364425,0.026030368763557483,0
1283,9862-KJTYK,0,0,19,0,1,0.8703703703703703,0.12962962962962962,0
1284,0219-QAERP,0,0,30,0,0,0.9284332688588007,0.07156673114119923,0
1285,7710-JSYOA,1,0,69,1,0,0.9739696312364425,0.026030368763557483,0
1286,9848-JQJTX,1,0,72,1,0,0.9739696312364425,0.026030368763557483,0
1287,1963-SVUCV,0,1,1,0,1,0.42718446601941745,0.5728155339805825,1
1288,8963-MQVYN,0,1,22,0,1,0.640625,0.359375,0
1289,2249-YPRNG,1,0,20,0,1,0.6666666666666666,0.3333333333333333,0
1290,3160-TYXLT,0,0,53,0,1,0.8703703703703703,0.12962962962962962,0
1291,4397-FRLTA,0,0,4,0,1,0.8703703703703703,0.12962962962962962,0
1292,0515-YPMCW,1,0,1,0,1,0.112,0.888,1
1293,8232-UTFOZ,0,0,69,1,0,0.9739696312364425,0.026030368763557483,0
1294,8859-AXJZP,0,0,39,1,0,0.9739696312364425,0.026030368763557483,0
1295,6772-WFQRD,0,0,40,0,0,0.9284332688588007,0.07156673114119923,0
1296,4323-OHFOW,1,0,70,0,0,0.8365384615384616,0.16346153846153846,0
1297,5630-AHZIL,0,0,3,0,1,0.6286919831223629,0.37130801687763715,0
1298,3863-QSTYI,0,1,59,0,1,0.8840579710144928,0.11594202898550725,0
1299,1895-QTKDO,0,0,1,0,1,0.6286919831223629,0.37130801687763715,0
1300,3422-LYEPQ,1,1,1,0,1,0.112,0.888,1
1301,6771-XWBDM,1,0,57,0,1,0.9245283018867925,0.07547169811320754,0
1302,9761-XUJWD,0,0,5,0,1,0.8703703703703703,0.12962962962962962,0
1303,4837-QUSFT,1,0,65,0,0,0.8365384615384616,0.16346153846153846,0
1304,5845-BZZIB,0,0,35,1,0,0.9739696312364425,0.026030368763557483,0
1305,7698-YFGEZ,0,0,1,0,1,0.6286919831223629,0.37130801687763715,0
1306,2481-SBOYW,0,0,61,1,0,0.9739696312364425,0.026030368763557483,0
1307,4846-WHAFZ,1,1,37,0,1,0.501779359430605,0.498220640569395,0
1308,2725-TTRIQ,0,0,72,1,0,0.9739696312364425,0.026030368763557483,0
1309,8468-EHYJA,1,1,57,0,1,0.72,0.28,0
1310,8399-YNDCH,0,0,21,0,1,0.8703703703703703,0.12962962962962962,0
1311,2550-AEVRU,0,1,57,0,0,0.9284332688588007,0.07156673114119923,0
1312,8584-KMVXD,1,1,8,0,1,0.3558648111332008,0.6441351888667992,1
1313,1568-BEKZM,0,0,70,1,0,0.9739696312364425,0.026030368763557483,0
1314,3570-YUEKJ,0,1,42,0,1,0.8840579710144928,0.11594202898550725,0
1315,6856-RAURS,1,0,2,0,1,0.3558648111332008,0.6441351888667992,1
1316,5311-IHLEI,0,0,12,0,1,0.8703703703703703,0.12962962962962962,0
1317,7008-LZVOZ,0,0,66,1,0,0.9739696312364425,0.026030368763557483,0
1318,8818-DOPVL,1,1,46,0,1,0.501779359430605,0.498220640569395,0
1319,2581-VKIRT,0,0,59,0,0,0.9284332688588007,0.07156673114119923,0
1320,4923-ADWXJ,0,0,25,0,1,0.8703703703703703,0.12962962962962962,0
1321,2612-RRIDN,1,1,4,0,1,0.3558648111332008,0.6441351888667992,1
1322,2180-DXNEG,1,1,12,0,1,0.3558648111332008,0.6441351888667992,1
1323,4277-BWBML,0,0,72,1,0,0.9739696312364425,0.026030368763557483,0
1324,2320-YKQBO,0,0,7,0,1,0.8703703703703703,0.12962962962962962,0
1325,6521-YYTYI,1,1,1,0,1,0.112,0.888,1
1326,6897-UUBNU,1,0,29,0,1,0.6666666666666666,0.3333333333333333,0
1327,2091-MJTFX,0,0,30,0,1,0.8703703703703703,0.12962962962962962,0
1328,0196-JTUQI,1,0,9,0,1,0.3558648111332008,0.6441351888667992,1
1329,0238-WHBIQ,0,0,72,1,0,0.9739696312364425,0.026030368763557483,0
1330,4229-CZMLL,1,1,6,0,1,0.3558648111332008,0.6441351888667992,1
1331,2000-DHJUY,0,0,70,1,0,0.9739696312364425,0.026030368763557483,0
1332,4000-VGMQP,0,0,38,0,0,0.9284332688588007,0.07156673114119923,0
1333,3376-BMGFE,1,0,4,0,1,0.3558648111332008,0.6441351888667992,1
1334,5965-GGPRW,1,0,72,1,0,0.9739696312364425,0.026030368763557483,0
1335,9803-FTJCG,0,0,71,0,0,0.9284332688588007,0.07156673114119923,0
1336,4471-KXAUH,1,1,42,0,1,0.501779359430605,0.498220640569395,0
1337,4933-IKULF,0,0,17,0,0,0.9284332688588007,0.07156673114119923,0
1338,6609-MXJHJ,0,0,30,1,0,0.9739696312364425,0.026030368763557483,0
1339,6726-NNFWD,1,0,71,1,0,0.9739696312364425,0.026030368763557483,0
1340,3521-HTQTV,0,0,34,1,0,0.9739696312364425,0.026030368763557483,0
1341,9650-VBUOG,0,0,38,1,0,0.9739696312364425,0.026030368763557483,0
1342,5201-CBWYG,0,0,62,0,0,0.9284332688588007,0.07156673114119923,0
1343,7032-LMBHI,0,0,37,0,0,0.9284332688588007,0.07156673114119923,0
1344,1853-UDXBW,1,1,1,0,1,0.112,0.888,1
1345,3533-UVMOM,0,0,68,1,0,0.9739696312364425,0.026030368763557483,0
1346,0269-XFESX,0,0,23,0,0,0.9284332688588007,0.07156673114119923,0
1347,3428-XZMAZ,1,1,1,0,1,0.112,0.888,1
1348,6103-QCKFX,0,0,44,0,1,0.8703703703703703,0.12962962962962962,0
1349,9621-OUPYD,0,0,25,0,0,0.9284332688588007,0.07156673114119923,0
1350,9256-JTBNZ,0,0,11,0,1,0.8703703703703703,0.12962962962962962,0
1351,5299-RULOA,1,1,10,0,1,0.3558648111332008,0.6441351888667992,1
1352,1465-VINDH,1,0,10,0,1,0.3558648111332008,0.6441351888667992,1
1353,6425-JWTDV,0,0,48,1,0,0.9739696312364425,0.026030368763557483,0
1354,6344-SFJVH,0,0,20,0,1,0.8703703703703703,0.12962962962962962,0
1355,0880-FVFWF,1,1,56,0,1,0.72,0.28,0
1356,5649-TJHOV,0,0,27,0,1,0.8703703703703703,0.12962962962962962,0
1357,4013-TLDHQ,1,1,19,0,1,0.501779359430605,0.498220640569395,0
1358,7515-LODFU,0,0,69,1,0,0.9739696312364425,0.026030368763557483,0
1359,2568-BRGYX,1,1,4,0,1,0.3558648111332008,0.6441351888667992,1
1360,7181-BQYBV,1,1,1,0,1,0.112,0.888,1
1361,3133-PZNSR,1,0,72,1,0,0.9739696312364425,0.026030368763557483,0
1362,2951-QOQTK,1,0,4,0,1,0.3558648111332008,0.6441351888667992,1
1363,8808-ELEHO,1,1,8,0,1,0.3558648111332008,0.6441351888667992,1
1364,2243-FNMMI,0,0,20,0,1,0.8703703703703703,0.12962962962962962,0
1365,6261-RCVNS,0,0,42,0,0,0.9284332688588007,0.07156673114119923,0
1366,1334-PDUKM,1,0,68,0,0,0.8365384615384616,0.16346153846153846,0
1367,9560-ARGQJ,1,1,16,0,1,0.3558648111332008,0.6441351888667992,1
1368,9605-WGJVW,1,1,1,0,1,0.112,0.888,1
1369,2607-FBDFF,0,0,1,0,1,0.6286919831223629,0.37130801687763715,0
1370,0114-RSRRW,0,0,10,0,1,0.8703703703703703,0.12962962962962962,0
1371,0310-SUCIN,0,0,71,0,0,0.9284332688588007,0.07156673114119923,0
1372,7622-FWGEW,0,0,56,1,0,0.9739696312364425,0.026030368763557483,0
1373,7881-EVUAD,0,1,2,0,1,0.42718446601941745,0.5728155339805825,1
1374,6979-TNDEU,0,0,8,0,1,0.8703703703703703,0.12962962962962962,0
1375,1625-JAIIY,1,1,68,0,0,0.7037037037037037,0.2962962962962963,0
1376,3082-VQXNH,0,0,3,0,1,0.6286919831223629,0.37130801687763715,0
1377,2150-OEGBV,0,0,27,0,0,0.9284332688588007,0.07156673114119923,0
1378,8292-TYSPY,0,0,19,0,1,0.8703703703703703,0.12962962962962962,0
1379,1266-NZYUI,0,0,72,1,0,0.9739696312364425,0.026030368763557483,0
1380,6848-YLDFR,0,0,58,0,0,0.9284332688588007,0.07156673114119923,0
1381,0326-VDYXE,1,1,70,0,0,0.7037037037037037,0.2962962962962963,0
1382,5073-WXOYN,0,1,60,0,1,0.8840579710144928,0.11594202898550725,0
1383,3055-MJDSB,0,0,9,0,1,0.8703703703703703,0.12962962962962962,0
1384,8625-AZYZY,1,1,24,0,1,0.501779359430605,0.498220640569395,0
1385,0019-EFAEP,1,0,72,1,0,0.9739696312364425,0.026030368763557483,0
1386,8039-EQPIM,0,0,69,1,0,0.9739696312364425,0.026030368763557483,0
1387,0219-YTZUE,1,0,4,0,1,0.3558648111332008,0.6441351888667992,1
1388,3280-NMUVX,0,0,34,0,0,0.9284332688588007,0.07156673114119923,0
1389,2478-EEWWM,0,1,59,0,1,0.8840579710144928,0.11594202898550725,0
1390,1226-UDFZR,0,0,2,0,1,0.6286919831223629,0.37130801687763715,0
1391,2665-NPTGL,1,0,26,0,1,0.6666666666666666,0.3333333333333333,0
1392,9084-OAYKL,0,0,58,1,0,0.9739696312364425,0.026030368763557483,0
1393,4636-JGAAI,1,0,34,0,1,0.6666666666666666,0.3333333333333333,0
1394,0567-GGCAC,0,1,7,0,1,0.640625,0.359375,0
1395,3472-QPRCH,0,0,40,1,0,0.9739696312364425,0.026030368763557483,0
1396,9919-YLNNG,1,0,42,0,1,0.6666666666666666,0.3333333333333333,0
1397,6311-UEUME,1,1,29,0,1,0.501779359430605,0.498220640569395,0
1398,7252-NTGSS,0,0,1,0,1,0.6286919831223629,0.37130801687763715,0
1399,8901-HJXTF,0,0,12,0,1,0.8703703703703703,0.12962962962962962,0
1400,2077-MPJQO,1,1,7,0,1,0.3558648111332008,0.6441351888667992,1
1401,6229-UOLQL,0,0,56,0,0,0.9284332688588007,0.07156673114119923,0
1402,4737-AQCPU,0,0,72,1,0,0.9739696312364425,0.026030368763557483,0
1403,0895-LNKRC,0,0,6,0,0,0.9284332688588007,0.07156673114119923,0
1404,1731-TVIUK,1,1,4,0,1,0.3558648111332008,0.6441351888667992,1
1405,4628-WQCQQ,1,1,35,0,0,0.7037037037037037,0.2962962962962963,0
1406,5887-IKKYO,1,0,58,1,0,0.9739696312364425,0.026030368763557483,0
1407,4931-TRZWN,0,1,13,0,1,0.640625,0.359375,0
1408,1396-QWFBJ,1,0,21,0,1,0.6666666666666666,0.3333333333333333,0
